;Matricula;Mes_Recebimento;Padrao_Antigo;R1002_Antiga;R1007_Antiga;R1028_Antiga;R1170_Antiga;R1067_Antiga;R1013_Antiga;R1014_Antiga;R1002_Nova;R1007_Nova;R1028_Nova;R1170_Nova;R1067_Nova
;11020;092023;B69-E;36103.43;1083.1;13358.26;2888.27;5262.59;0;0;36103.43;1083.1;13719.3;2888.27;5262.59
;11025;092023;B69-E;36103.43;1083.1;13358.26;5415.51;5262.59;0;0;36103.43;1083.1;13358.26;5415.51;5262.59
;11099;092023;B69-E;36103.43;1083.1;13358.26;5415.51;5262.59;0;0;36103.43;1083.1;13358.26;5415.51;5262.59
;11108;092023;B69-E;36103.43;1083.1;10108.96;5415.51;0;0;0;36103.43;1083.1;10469.99;5415.51;0
;11140;092023;B69-E;36103.43;1083.1;10108.96;5415.51;0;0;0;36103.43;1083.1;10108.96;5415.51;0
;11144;092023;B69-E;36103.43;1083.1;10108.96;5415.51;5262.59;12529.98;16706.22;36103.43;1083.1;10108.96;5415.51;5262.59
;11200;092023;B69-E;36103.43;1083.1;11553.09;4332.41;0;0;0;36103.43;1083.1;11553.09;4332.41;0
;11201;092023;D39-E;16240.32;487.21;4709.69;2436.04;3342.25;0;0;16240.32;487.21;4709.69;2436.04;3342.25
;11204;092023;D39-E;16240.32;487.21;5521.7;2436.04;3455.93;0;0;16240.32;487.21;5521.7;2436.04;3455.93
;11209;092023;D39-E;16240.32;487.21;5846.51;2354.84;3967.24;0;0;16240.32;487.21;5846.51;2354.84;3967.24
;11210;092023;D39-E;16240.32;487.21;6008.91;2436.04;3524.14;0;0;16240.32;487.21;6008.91;2436.04;3524.14
;11214;092023;C54-E;24214.29;726.43;7506.42;3632.14;0;12181.48;16241.56;24214.29;726.43;7506.42;3632.14;0
;11215;092023;C54-E;24214.29;726.43;7264.28;3632.14;5017.19;0;0;24214.29;726.43;7264.28;3632.14;5017.19
;11217;092023;D39-E;16240.32;487.21;4547.28;2436.04;3327.9;0;0;16240.32;487.21;4547.28;2436.04;3327.9
;11218;092023;D39-E;16240.32;487.21;5196.9;2436.04;3410.46;0;0;16240.32;487.21;5196.9;2436.04;3410.46
;11223;092023;D39-E;16240.32;487.21;4547.28;2436.04;0;0;0;16240.32;487.21;4547.28;2436.04;0
;11225;092023;A69-E;36103.43;1083.1;14802.4;5415.51;5262.59;0;0;36103.43;1083.1;14802.4;5415.51;5262.59
;11229;092023;D39-E;16240.32;487.21;6171.32;2436.04;3546.88;0;0;16240.32;487.21;6171.32;2436.04;3546.88
;11236;092023;C54-E;24214.29;726.43;6780;3632.14;0;0;0;24214.29;726.43;6780;3632.14;0
;11237;092023;A69-E;36103.43;1083.1;11192.06;5415.51;5262.59;0;0;36103.43;1083.1;11192.06;5415.51;5262.59
;11238;092023;C54-E;24214.29;726.43;6780;3390;4915.5;0;0;24214.29;726.43;6780;3390;4915.5
;11239;092023;C54-E;24214.29;726.43;6537.85;3632.14;4923.88;0;0;24214.29;726.43;6537.85;3632.14;4923.88
;11240;092023;C54-E;24214.29;726.43;6780;3632.14;4949.4;0;0;24214.29;726.43;6780;3632.14;4949.4
;11257;092023;D39-E;16240.32;487.21;4547.28;2354.84;3316.53;0;0;16240.32;487.21;4547.28;2354.84;3316.53
;11258;092023;D39-E;16240.32;487.21;4547.28;2436.04;3327.9;0;0;16240.32;487.21;4547.28;2436.04;3327.9
;11265;092023;D39-E;16240.32;487.21;4547.28;2436.04;3327.9;0;0;16240.32;487.21;4547.28;2436.04;3327.9
;11268;092023;C54-E;24214.29;726.43;6780;3632.14;0;0;0;24214.29;726.43;6780;3632.14;0
;11275;092023;A69-E;36103.43;1083.1;11914.13;5415.51;5262.59;0;0;36103.43;1083.1;11914.13;5415.51;5262.59
;11279;092023;D39-E;16240.32;487.21;6008.91;2436.04;3524.14;0;0;16240.32;487.21;6008.91;2436.04;3524.14
;11289;092023;C54-E;24214.29;726.43;7022.14;3632.14;0;0;0;24214.29;726.43;7022.14;3632.14;0
;11298;092023;D39-E;16240.32;487.21;4872.09;2436.04;0;0;0;16240.32;487.21;4872.09;2436.04;0
;11306;092023;D39-E;16240.32;487.21;4709.69;2436.04;3350.63;0;0;16240.32;487.21;4709.69;2436.04;3350.63
;11308;092023;D39-E;16240.32;487.21;6008.91;2436.04;3532.52;0;0;16240.32;487.21;6008.91;2436.04;3532.52
;11311;092023;C54-E;24214.29;726.43;6780;3632.14;5175.6;0;0;24214.29;726.43;6780;3632.14;5175.6
;11313;092023;D39-E;16240.32;487.21;6171.32;2436.04;3546.88;0;0;16240.32;487.21;6171.32;2436.04;3546.88
;11315;092023;C54-E;24214.29;726.43;6780;3632.14;4949.4;0;0;24214.29;726.43;6780;3632.14;4949.4
;11316;092023;D39-E;16240.32;487.21;4547.28;2354.84;3316.53;0;0;16240.32;487.21;4547.28;2354.84;3316.53
;11326;092023;D39-E;16240.32;487.21;4547.28;2436.04;0;0;0;16240.32;487.21;4547.28;2436.04;0
;11336;092023;C54-E;24214.29;726.43;6780;3632.14;4949.4;0;0;24214.29;726.43;7022.14;3632.14;4983.3
;11337;092023;E24-E;10892.27;326.77;3812.29;1633.84;2341.5;0;0;10892.27;326.77;3812.29;1633.84;2341.5
;11341;092023;D39-E;16240.32;487.21;4547.28;2436.04;3103.24;0;0;16240.32;487.21;4547.28;2436.04;3103.24
;11343;092023;B69-E;36103.43;1083.1;10469.99;5415.51;0;0;0;36103.43;1083.1;10469.99;5415.51;0
;11344;092023;C54-E;24214.29;726.43;6780;3632.14;0;0;0;24214.29;726.43;6780;3632.14;0
;11357;092023;C54-E;24214.29;726.43;6780;3632.14;0;0;0;24214.29;726.43;6780;3632.14;0
;11362;092023;C54-E;24214.29;726.43;7022.14;3632.14;0;0;0;24214.29;726.43;7022.14;3632.14;0
;11363;092023;C54-E;24214.29;726.43;7022.14;3632.14;4991.68;0;0;24214.29;726.43;7022.14;3632.14;4991.68
;11366;092023;E24-E;10892.27;326.77;3049.83;1633.84;0;0;0;10892.27;326.77;3049.83;1633.84;0
;11367;092023;E24-E;10892.27;326.77;3049.83;1633.84;2234.76;0;0;10892.27;326.77;3049.83;1633.84;2052.46
;11370;092023;C54-E;24214.29;726.43;6537.85;3632.14;0;11703.57;0;24214.29;726.43;6537.85;3632.14;0
;11373;092023;E24-E;10892.27;326.77;3049.83;1633.84;2226.37;0;0;10892.27;326.77;3049.83;1633.84;2226.37
;11377;092023;E24-E;10892.27;326.77;4030.13;1633.84;0;0;0;10892.27;326.77;4030.13;1633.84;0
;11378;092023;D39-E;16240.32;487.21;5196.9;2436.04;3425.24;0;0;16240.32;487.21;5196.9;2436.04;3425.24
;11381;092023;E24-E;10892.27;326.77;3049.83;1633.84;2234.76;0;0;10892.27;326.77;3049.83;1633.84;2234.76
;11382;092023;D39-E;16240.32;487.21;4222.48;2436.04;3282.42;0;0;16240.32;487.21;4222.48;2436.04;3282.42
;11391;092023;C54-E;24214.29;726.43;6780;3632.14;4957.78;0;0;24214.29;726.43;6780;3632.14;4957.78
;11398;092023;C54-E;24214.29;726.43;7506.42;3632.14;5059.48;0;0;24214.29;726.43;7506.42;3632.14;5059.48
;11409;092023;D39-E;16240.32;487.21;4872.09;2436.04;0;0;0;16240.32;487.21;4872.09;2436.04;0
;11412;092023;C54-E;24214.29;726.43;6780;2663.57;4822.18;0;0;24214.29;726.43;6780;2663.57;4822.18
;11414;092023;E24-E;10892.27;326.77;3049.83;1633.84;2234.76;0;0;10892.27;326.77;3049.83;1633.84;2234.76
;11419;092023;C54-E;24214.29;726.43;8475;3632.14;0;0;0;24214.29;726.43;8475;3632.14;0
;11423;092023;C54-E;24214.29;726.43;7748.57;3632.14;0;0;0;24214.29;726.43;7748.57;3632.14;0
;11436;092023;B69-E;36103.43;1083.1;10831.02;5415.51;0;0;0;36103.43;1083.1;10831.02;5415.51;0
;11437;092023;D39-E;16240.32;487.21;5034.49;2354.84;3384.74;0;0;16240.32;487.21;5034.49;2354.84;3384.74
;11439;092023;C54-E;24214.29;726.43;6780;3632.14;0;0;0;24214.29;726.43;6780;3632.14;0
;11452;092023;D39-E;16240.32;487.21;4547.28;2436.04;3327.9;0;0;16240.32;487.21;4547.28;2436.04;3327.9
;11455;092023;C54-E;24214.29;726.43;6780;3632.14;4949.4;0;0;24214.29;726.43;6780;3632.14;4949.4
;11459;092023;E24-E;10892.27;326.77;3049.83;1633.84;2234.76;0;0;10892.27;326.77;3049.83;1633.84;2234.76
;11462;092023;C54-E;24214.29;726.43;7506.42;0;0;0;0;24214.29;726.43;7506.42;0;0
;11477;092023;E24-E;10892.27;326.77;2723.06;1633.84;2189.01;0;0;10892.27;326.77;2723.06;1633.84;2189.01
;11514;092023;E24-E;10892.27;326.77;3049.83;1633.84;2234.76;0;0;10892.27;326.77;3049.83;1633.84;2234.76
;11520;092023;E24-E;10892.27;326.77;3376.6;1633.84;2280.5;0;0;10892.27;326.77;3376.6;1633.84;2280.5
;11527;092023;E24-E;10892.27;326.77;3049.83;1633.84;2234.76;0;0;10892.27;326.77;3049.83;1633.84;2234.76
;11529;092023;E24-E;10892.27;326.77;3049.83;1633.84;2234.76;6045.82;6975.73;10892.27;326.77;3049.83;1633.84;2234.76
;11531;092023;E24-E;10892.27;326.77;3049.83;1470.45;2211.88;0;0;10892.27;326.77;3049.83;1470.45;2211.88
;11540;092023;E24-E;10892.27;326.77;3376.6;1633.84;2280.5;0;0;10892.27;326.77;3376.6;1633.84;2280.5
;11546;092023;B69-E;36103.43;1083.1;12636.2;5415.51;0;0;0;36103.43;1083.1;12636.2;5415.51;0
;11556;092023;A69-E;36103.43;1083.1;10469.99;5415.51;0;0;0;36103.43;1083.1;10469.99;5415.51;0
;11559;092023;D39-E;16240.32;487.21;5684.11;2436.04;3487.05;0;0;16240.32;487.21;5684.11;2436.04;3487.05
;11567;092023;C54-E;24214.29;726.43;6537.85;3632.14;0;0;0;24214.29;726.43;6537.85;3632.14;0
;11569;092023;C54-E;24214.29;726.43;6780;3632.14;0;0;0;24214.29;726.43;6780;3632.14;0
;11606;092023;D39-E;16240.32;487.21;4872.09;2436.04;4229.65;0;0;16240.32;487.21;4872.09;2436.04;4229.65
;11607;092023;A69-E;36103.43;1083.1;12275.16;4873.96;0;0;0;36103.43;1083.1;12275.16;4873.96;0
;11614;092023;D39-E;16240.32;487.21;5846.51;2436.04;3595.17;0;0;16240.32;487.21;5846.51;2436.04;3595.17
;11616;092023;C54-E;24214.29;726.43;9927.85;3632.14;5928.84;12529.98;16706.22;24214.29;726.43;9927.85;3632.14;5262.59
;11617;092023;D39-E;16240.32;487.21;5521.7;2436.04;0;0;0;16240.32;487.21;5521.7;2436.04;0
;11625;092023;B69-E;36103.43;1083.1;10108.96;5415.51;5262.59;0;0;36103.43;1083.1;10108.96;5415.51;5262.59
;11627;092023;D39-E;16240.32;487.21;4547.28;2030.04;3271.06;0;0;16240.32;487.21;4547.28;2030.04;3271.06
;11633;092023;D39-E;16240.32;487.21;4384.88;1705.23;3412.29;0;0;16240.32;487.21;4384.88;1705.23;3412.29
;11635;092023;D39-E;16240.32;487.21;4547.28;0;0;0;0;16240.32;487.21;4547.28;0;0
;11638;092023;C54-E;24214.29;726.43;9201.43;3632.14;5015.68;0;0;24214.29;726.43;9201.43;3632.14;5015.68
;11643;092023;D39-E;16240.32;487.21;5846.51;2436.04;3530.96;0;0;16240.32;487.21;5846.51;2436.04;3530.96
;11651;092023;D39-E;16240.32;487.21;4222.48;2436.04;0;7795.35;10393.54;16240.32;487.21;4222.48;2436.04;0
;11657;092023;C54-E;24214.29;726.43;7990.71;3632.14;0;0;0;24214.29;726.43;7990.71;3632.14;0
;11664;092023;C54-E;24214.29;726.43;7022.14;3632.14;4983.3;0;0;24214.29;726.43;7022.14;3632.14;4983.3
;11671;092023;E24-E;10892.27;326.77;3049.83;1633.84;2234.76;0;0;10892.27;326.77;3049.83;1633.84;2234.76
;11675;092023;E24-E;10892.27;326.77;4139.06;1633.84;2636.11;0;0;10892.27;326.77;4139.06;1633.84;2636.11
;11681;092023;E24-E;10892.27;326.77;3049.83;1633.84;2059.87;0;0;10892.27;326.77;3049.83;1633.84;2059.87
;11686;092023;C54-E;24214.29;726.43;6780;3390;0;0;0;24214.29;726.43;6780;3390;0
;11697;092023;E24-E;10892.27;326.77;3921.21;1633.84;2348.37;0;0;10892.27;326.77;3921.21;1633.84;2348.37
;11698;092023;D39-E;16240.32;487.21;5196.9;2436.04;0;0;0;16240.32;487.21;5196.9;2436.04;0
;11699;092023;E24-E;10892.27;326.77;3812.29;1633.84;2341.5;0;0;10892.27;326.77;3812.29;1633.84;2341.5
;11701;092023;E24-E;10892.27;326.77;3049.83;1633.84;2234.76;0;0;10892.27;326.77;3049.83;1633.84;2234.76
;11702;092023;E24-E;10892.27;326.77;3049.83;1633.84;2234.76;0;0;10892.27;326.77;3049.83;1633.84;2234.76
;11705;092023;E24-E;10892.27;326.77;3049.83;1633.84;2234.76;0;0;10892.27;326.77;3049.83;1633.84;2234.76
;11717;092023;E24-E;10892.27;326.77;3049.83;1633.84;0;0;0;10892.27;326.77;3049.83;1633.84;0
;11718;092023;E24-E;10892.27;326.77;3049.83;1633.84;2226.37;0;0;10892.27;326.77;3049.83;1633.84;2226.37
;11728;092023;E24-E;10892.27;326.77;3049.83;1633.84;2234.76;0;0;10892.27;326.77;3049.83;1633.84;2234.76
;11729;092023;E24-E;10892.27;326.77;3049.83;1633.84;0;0;0;10892.27;326.77;3049.83;1633.84;0
;11739;092023;E24-E;10892.27;326.77;3049.83;1633.84;2234.76;0;0;10892.27;326.77;3049.83;1633.84;2234.76
;11743;092023;E24-E;10892.27;326.77;4030.13;1633.84;2363.62;0;0;10892.27;326.77;4030.13;1633.84;2363.62
;11750;092023;E24-E;10892.27;326.77;3049.83;1633.84;0;0;0;10892.27;326.77;3049.83;1633.84;0
;11752;092023;B69-E;36103.43;1083.1;10469.99;0;0;0;0;36103.43;1083.1;10469.99;0;0
;11759;092023;E24-E;10892.27;326.77;3049.83;1633.84;2234.76;0;0;10892.27;326.77;3049.83;1633.84;2234.76
;11763;092023;D39-E;16240.32;487.21;4872.09;2436.04;3481.7;0;0;16240.32;487.21;5034.49;2436.04;3504.44
;11770;092023;E24-E;10892.27;326.77;3049.83;1633.84;2234.76;0;0;10892.27;326.77;3049.83;1633.84;2234.76
;11773;092023;D39-E;16240.32;487.21;5359.3;2436.04;3433.2;0;0;16240.32;487.21;5359.3;2436.04;3433.2
;11778;092023;E24-E;10892.27;326.77;3049.83;1633.84;0;0;0;10892.27;326.77;3049.83;1633.84;0
;11781;092023;E24-E;10892.27;326.77;2940.91;1633.84;2219.51;6004.43;6927.96;10892.27;326.77;3049.83;1633.84;2234.76
;11787;092023;D39-E;16240.32;487.21;4384.88;2436.04;0;0;0;16240.32;487.21;4384.88;2436.04;0
;11797;092023;D39-E;16240.32;487.21;5196.9;2436.04;3410.46;0;0;16240.32;487.21;5196.9;2436.04;3410.46
;11840;092023;E24-E;10892.27;326.77;2940.91;1633.84;2219.51;0;0;10892.27;326.77;2940.91;1633.84;2219.51
;11845;092023;E24-E;10892.27;326.77;2940.91;1633.84;2219.51;0;0;10892.27;326.77;2940.91;1633.84;2219.51
;11859;092023;A69-E;36103.43;1083.1;9747.92;5415.51;5262.59;0;0;36103.43;1083.1;9747.92;5415.51;5262.59
;11860;092023;C54-E;24214.29;726.43;7264.28;3632.14;0;0;0;24214.29;726.43;7264.28;3632.14;0
;11863;092023;B69-E;36103.43;1083.1;9747.92;5415.51;5262.59;0;0;36103.43;1083.1;9747.92;5415.51;5262.59
;11865;092023;D39-E;16240.32;487.21;4547.28;2436.04;0;0;0;16240.32;487.21;4709.69;2436.04;0
;11868;092023;C54-E;24214.29;726.43;6537.85;3632.14;0;0;0;24214.29;726.43;6537.85;3632.14;0
;11873;092023;D39-E;16240.32;487.21;4384.88;2436.04;0;0;0;16240.32;487.21;4384.88;2436.04;0
;11875;092023;C54-E;24214.29;726.43;7264.28;3632.14;0;0;0;24214.29;726.43;7264.28;3632.14;0
;11878;092023;E24-E;10892.27;326.77;2940.91;1579.37;2211.88;0;0;10892.27;326.77;2940.91;1579.37;2211.88
;11879;092023;E24-E;10892.27;326.77;3594.44;1633.84;0;0;0;10892.27;326.77;3594.44;1633.84;0
;11880;092023;C54-E;24214.29;726.43;6780;3632.14;0;0;0;24214.29;726.43;6780;3632.14;0
;11887;092023;E24-E;10892.27;326.77;2940.91;1415.99;0;0;0;10892.27;326.77;2940.91;1415.99;0
;11889;092023;E24-E;10892.27;326.77;3049.83;1633.84;2234.76;0;0;10892.27;326.77;3049.83;1633.84;2234.76
;11890;092023;E24-E;10892.27;326.77;2940.91;1633.84;2211.13;0;0;10892.27;326.77;2940.91;1633.84;2211.13
;11900;092023;B69-E;36103.43;1083.1;11553.09;5415.51;5262.59;0;0;36103.43;1083.1;11553.09;5415.51;5262.59
;11907;092023;D39-E;16240.32;487.21;4384.88;2436.04;0;0;0;16240.32;487.21;4384.88;2436.04;0
;11908;092023;C54-E;24214.29;726.43;6537.85;3632.14;4706.08;0;0;24214.29;726.43;6537.85;3632.14;4706.08
;11914;092023;D39-E;16240.32;487.21;5034.49;2436.04;3396.11;0;0;16240.32;487.21;5034.49;2436.04;3396.11
;11920;092023;C54-E;24214.29;726.43;7748.57;3632.14;0;0;0;24214.29;726.43;7748.57;3632.14;0
;11922;092023;D39-E;16240.32;487.21;4547.28;2436.04;3327.9;0;0;16240.32;487.21;4547.28;2436.04;3327.9
;11925;092023;D39-E;16240.32;487.21;4384.88;2436.04;3305.16;0;0;16240.32;487.21;4384.88;2436.04;3305.16
;11927;092023;E24-E;10892.27;326.77;3812.29;1633.84;2333.12;0;0;10892.27;326.77;3812.29;1633.84;2333.12
;11928;092023;E24-E;10892.27;326.77;2831.99;1633.84;2195.88;0;0;10892.27;326.77;2831.99;1633.84;1968.79
;11929;092023;E24-E;10892.27;326.77;2940.91;1633.84;2211.13;0;0;10892.27;326.77;2940.91;1633.84;2211.13
;11930;092023;A69-E;36103.43;1083.1;11553.09;5415.51;5262.59;0;0;36103.43;1083.1;11553.09;5415.51;5262.59
;11939;092023;C54-E;24214.29;726.43;6537.85;3632.14;4923.88;0;0;24214.29;726.43;6537.85;3632.14;4923.88
;11952;092023;D39-E;16240.32;487.21;5034.49;2436.04;3396.11;0;0;16240.32;487.21;5034.49;2436.04;3396.11
;11953;092023;B69-E;36103.43;1083.1;11192.06;5415.51;0;0;0;36103.43;1083.1;11192.06;5415.51;0
;11954;092023;D39-E;16240.32;487.21;4872.09;2354.84;3362;0;0;16240.32;487.21;4872.09;2354.84;3362
;11958;092023;E24-E;10892.27;326.77;2940.91;1198.14;2158.51;5838.86;6736.86;10892.27;326.77;2940.91;1198.14;2158.51
;11971;092023;D39-E;16240.32;487.21;4709.69;2436.04;3396.83;0;0;16240.32;487.21;4872.09;2436.04;3419.56
;11972;092023;D39-E;16240.32;487.21;4384.88;2436.04;0;0;0;16240.32;487.21;4384.88;2436.04;0
;11976;092023;D39-E;16240.32;487.21;4384.88;2436.04;0;0;0;16240.32;487.21;4384.88;2436.04;0
;11982;092023;C54-E;24214.29;726.43;6537.85;0;0;0;0;24214.29;726.43;6537.85;0;0
;11994;092023;C54-E;24214.29;726.43;6537.85;3390;0;0;0;24214.29;726.43;6537.85;3390;0
;11995;092023;D39-E;16240.32;487.21;4384.88;2436.04;0;0;0;16240.32;487.21;4384.88;2436.04;0
;12002;092023;C54-E;24214.29;726.43;8475;3632.14;0;0;0;24214.29;726.43;8475;3632.14;0
;12003;092023;E24-E;10892.27;326.77;2940.91;326.76;2036.52;0;0;10892.27;326.77;2940.91;326.76;2036.52
;12014;092023;C54-E;24214.29;726.43;6537.85;3632.14;0;0;0;24214.29;726.43;6537.85;3632.14;0
;12015;092023;C54-E;24214.29;726.43;6537.85;3632.14;0;0;0;24214.29;726.43;6537.85;3632.14;0
;12019;092023;C54-E;24214.29;726.43;7022.14;3632.14;5262.59;0;0;24214.29;726.43;7022.14;3632.14;5262.59
;12021;092023;C54-E;24214.29;726.43;8232.85;3632.14;5262.59;0;0;24214.29;726.43;8232.85;3632.14;5262.59
;12025;092023;C54-E;24214.29;726.43;7506.42;3632.14;5051.09;0;0;24214.29;726.43;7506.42;3632.14;5051.09
;12028;092023;D39-E;16240.32;487.21;4547.28;2436.04;0;0;0;16240.32;487.21;4547.28;2436.04;0
;12032;092023;D39-E;16240.32;487.21;4547.28;2436.04;3327.9;0;0;16240.32;487.21;4547.28;2436.04;3327.9
;12034;092023;D39-E;16240.32;487.21;5196.9;2436.04;0;0;0;16240.32;487.21;5196.9;2436.04;0
;12043;092023;D39-E;16240.32;487.21;4709.69;2436.04;3350.63;0;0;16240.32;487.21;4709.69;2436.04;3350.63
;12054;092023;D39-E;16240.32;487.21;4872.09;2436.04;3364.99;0;0;16240.32;487.21;4872.09;2436.04;3364.99
;12056;092023;C54-E;24214.29;726.43;6053.57;0;4339.2;0;0;24214.29;726.43;6053.57;0;4339.2
;12058;092023;D39-E;16240.32;487.21;5196.9;2436.04;0;0;0;16240.32;487.21;5196.9;2436.04;0
;12060;092023;E24-E;10892.27;326.77;2940.91;1633.84;2211.13;0;0;10892.27;326.77;2940.91;1633.84;2211.13
;12064;092023;D39-E;16240.32;487.21;4872.09;2436.04;3373.37;0;0;16240.32;487.21;4872.09;2436.04;3373.37
;12068;092023;D39-E;16240.32;487.21;4547.28;2436.04;0;0;0;16240.32;487.21;4547.28;2436.04;0
;12069;092023;D39-E;16240.32;487.21;4709.69;2436.04;0;0;0;16240.32;487.21;4709.69;2436.04;0
;12073;092023;D39-E;16240.32;487.21;5034.49;2436.04;0;0;0;16240.32;487.21;5034.49;2436.04;0
;12076;092023;D39-E;16240.32;487.21;4384.88;2436.04;3305.16;0;0;16240.32;487.21;4384.88;2436.04;3305.16
;12137;092023;E24-E;10892.27;326.77;2940.91;1633.84;0;0;0;10892.27;326.77;2940.91;1633.84;0
;12138;092023;E24-E;10892.27;326.77;2940.91;1415.99;2061.19;0;0;10892.27;326.77;2940.91;1415.99;2061.19
;12150;092023;E24-E;10892.27;326.77;2940.91;1633.84;0;0;0;10892.27;326.77;2940.91;1633.84;0
;12234;092023;D39-E;16240.32;487.21;4384.88;2192.44;0;0;0;16240.32;487.21;4384.88;2192.44;0
;12238;092023;D39-E;16240.32;487.21;5034.49;2030.04;0;0;0;16240.32;487.21;5034.49;2030.04;0
;12239;092023;D39-E;16240.32;487.21;4384.88;2436.04;3296.78;0;0;16240.32;487.21;4384.88;2436.04;3296.78
;12260;092023;D39-E;16240.32;487.21;4872.09;2436.04;0;0;0;16240.32;487.21;4872.09;2436.04;0
;12291;092023;C54-E;24214.29;726.43;5569.28;3632.14;0;0;0;24214.29;726.43;5569.28;3632.14;0
;12293;092023;D39-E;16240.32;487.21;4384.88;1705.23;0;0;0;16240.32;487.21;4384.88;1705.23;0
;12315;092023;E24-E;10892.27;326.77;2940.91;1633.84;2219.51;0;0;10892.27;326.77;2940.91;1633.84;2219.51
;12321;092023;D39-E;16240.32;487.21;4384.88;2436.04;0;0;0;16240.32;487.21;4384.88;2436.04;0
;12354;092023;E24-E;10892.27;326.77;2831.99;1633.84;0;0;0;10892.27;326.77;2940.91;1633.84;0
;12356;092023;D39-E;16240.32;487.21;4384.88;2436.04;0;0;0;16240.32;487.21;4384.88;2436.04;0
;12369;092023;E24-E;10892.27;326.77;4356.9;1633.84;2417.75;0;0;10892.27;326.77;4356.9;1633.84;2417.75
;12371;092023;B69-E;36103.43;1083.1;9747.92;5415.51;0;0;0;36103.43;1083.1;9747.92;5415.51;0
;12373;092023;C54-E;24214.29;726.43;6537.85;3632.14;0;0;0;24214.29;726.43;6537.85;3632.14;0
;12375;092023;D39-E;16240.32;487.21;5359.3;1542.83;0;0;0;16240.32;487.21;5359.3;1542.83;0
;12376;092023;E24-E;10892.27;326.77;2940.91;1633.84;2211.13;0;0;10892.27;326.77;2940.91;1633.84;2211.13
;12386;092023;C54-E;24214.29;726.43;7264.28;3511.07;5262.59;0;0;24214.29;726.43;7264.28;3511.07;5262.59
;12469;092023;C54-E;24214.29;726.43;6053.57;3632.14;0;0;0;24214.29;726.43;6053.57;3632.14;0
;12475;092023;C54-E;24214.29;726.43;6295.71;3632.14;0;0;0;24214.29;726.43;6537.85;3632.14;0
;12481;092023;C54-E;24214.29;726.43;6295.71;3632.14;0;0;0;24214.29;726.43;6537.85;3632.14;0
;12485;092023;A69-E;36103.43;1083.1;11553.09;5415.51;0;0;0;36103.43;1083.1;11553.09;5415.51;0
;12488;092023;C54-E;24214.29;726.43;6295.71;3632.14;0;0;0;24214.29;726.43;6537.85;3632.14;0
;12490;092023;E24-E;10892.27;326.77;3267.68;1633.84;2265.26;0;0;10892.27;326.77;3267.68;1633.84;2265.26
;12494;092023;E24-E;10892.27;326.77;2940.91;1633.84;0;0;0;10892.27;326.77;2940.91;1633.84;0
;12507;092023;C54-E;24214.29;726.43;6537.85;3632.14;0;0;0;24214.29;726.43;6537.85;3632.14;0
;12511;092023;D39-E;16240.32;487.21;5196.9;2436.04;0;0;0;16240.32;487.21;5196.9;2436.04;0
;12517;092023;D39-E;16240.32;487.21;4222.48;2111.24;0;0;0;16240.32;487.21;4384.88;2111.24;0
;12527;092023;B69-E;36103.43;1083.1;10469.99;5415.51;5262.59;0;0;36103.43;1083.1;10469.99;5415.51;5262.59
;12530;092023;D39-E;16240.32;487.21;4222.48;2436.04;0;0;0;16240.32;487.21;4384.88;2436.04;0
;12531;092023;B69-E;36103.43;1083.1;9386.89;0;0;0;0;36103.43;1083.1;9747.92;0;0
;12533;092023;C54-E;24214.29;726.43;8717.14;3632.14;8815.37;0;0;24214.29;726.43;8717.14;3632.14;5262.59
;12534;092023;B69-E;36103.43;1083.1;12275.16;5415.51;5262.59;0;0;36103.43;1083.1;12275.16;5415.51;5262.59
;12540;092023;B69-E;36103.43;1083.1;9025.85;5415.51;5262.59;0;0;36103.43;1083.1;9025.85;5415.51;5262.59
;12548;092023;C54-E;24214.29;726.43;7990.71;3632.14;5118.89;0;0;24214.29;726.43;7990.71;3632.14;5118.89
;12551;092023;C54-E;24214.29;726.43;7264.28;3632.14;0;0;0;24214.29;726.43;7264.28;3632.14;0
;12563;092023;B65-E;32707.93;981.24;8504.06;4906.18;0;0;0;32707.93;981.24;8504.06;4906.18;0
;12570;092023;C54-E;24214.29;726.43;6780;3632.14;4957.78;0;0;24214.29;726.43;6780;3632.14;4957.78
;12581;092023;C54-E;24214.29;726.43;6295.71;3632.14;0;0;0;24214.29;726.43;6295.71;3632.14;0
;12599;092023;C54-E;24214.29;726.43;7990.71;3632.14;0;0;0;24214.29;726.43;7990.71;3632.14;0
;12610;092023;C54-E;24214.29;726.43;9201.43;3632.14;5262.59;0;0;24214.29;726.43;9201.43;3632.14;4840.75
;12613;092023;C54-E;24214.29;726.43;6537.85;3632.14;0;0;0;24214.29;726.43;6537.85;3632.14;0
;12635;092023;D39-E;16240.32;487.21;5196.9;2436.04;0;0;0;16240.32;487.21;5196.9;2436.04;0
;12651;092023;D39-E;16240.32;487.21;4547.28;2354.84;0;0;0;16240.32;487.21;4547.28;2354.84;0
;12657;092023;D39-E;16240.32;487.21;4384.88;2436.04;0;0;0;16240.32;487.21;4384.88;2436.04;0
;12665;092023;A69-E;36103.43;1083.1;11914.13;5415.51;5262.59;0;0;36103.43;1083.1;11914.13;5415.51;5262.59
;12799;092023;C54-E;24214.29;726.43;6053.57;3632.14;0;0;0;24214.29;726.43;6053.57;3632.14;0
;12803;092023;C54-E;24214.29;726.43;6537.85;3632.14;0;0;0;24214.29;726.43;6537.85;3632.14;0
;12817;092023;C54-E;24214.29;726.43;6537.85;1452.85;0;0;0;24214.29;726.43;6537.85;1452.85;0
;12823;092023;C54-E;24214.29;726.43;7264.28;3632.14;0;0;0;24214.29;726.43;7264.28;3632.14;0
;12858;092023;C54-E;24214.29;726.43;7506.42;3632.14;5059.48;0;0;24214.29;726.43;7506.42;3632.14;5059.48
;12872;092023;C54-E;24214.29;726.43;6053.57;2421.42;0;0;0;24214.29;726.43;6053.57;2421.42;0
;12926;092023;D39-E;16240.32;487.21;4384.88;2436.04;0;0;0;16240.32;487.21;4547.28;2436.04;0
;12941;092023;D39-E;16240.32;487.21;4384.88;2354.84;0;0;0;16240.32;487.21;4384.88;2354.84;0
;12961;092023;D39-E;16240.32;487.21;5196.9;2436.04;0;0;0;16240.32;487.21;5196.9;2436.04;0
;13095;092023;B69-E;36103.43;1083.1;11192.06;5415.51;5262.59;0;0;36103.43;1083.1;11192.06;5415.51;5262.59
;13098;092023;B69-E;36103.43;1083.1;8664.82;4512.92;0;0;0;36103.43;1083.1;8664.82;4512.92;0
;13102;092023;B69-E;36103.43;1083.1;9386.89;5415.51;0;12529.98;0;36103.43;1083.1;9747.92;5415.51;0
;13105;092023;B69-E;36103.43;1083.1;10469.99;5415.51;0;0;0;36103.43;1083.1;10469.99;5415.51;0
;13109;092023;B69-E;36103.43;1083.1;10831.02;4332.41;0;0;0;36103.43;1083.1;10831.02;4332.41;0
;13111;092023;B69-E;36103.43;1083.1;10831.02;5415.51;0;0;0;36103.43;1083.1;10831.02;5415.51;0
;13117;092023;B69-E;36103.43;1083.1;10108.96;5415.51;0;0;0;36103.43;1083.1;10108.96;5415.51;0
;13143;092023;B69-E;36103.43;1083.1;10469.99;5415.51;0;0;0;36103.43;1083.1;10469.99;5415.51;0
;13150;092023;B69-E;36103.43;1083.1;8664.82;5415.51;0;0;0;36103.43;1083.1;8664.82;5415.51;0
;13157;092023;D39-E;16240.32;487.21;3897.67;2436.04;0;0;0;16240.32;487.21;3897.67;2436.04;0
;13160;092023;C54-E;24214.29;726.43;6295.71;3632.14;4889.98;0;0;24214.29;726.43;6295.71;3632.14;4889.98
;13162;092023;C54-E;24214.29;726.43;5811.42;3632.14;0;0;0;24214.29;726.43;5811.42;3632.14;0
;13171;092023;C54-E;24214.29;726.43;6537.85;3632.14;0;0;0;24214.29;726.43;6537.85;3632.14;0
;13172;092023;C54-E;24214.29;726.43;7264.28;3632.14;0;0;0;24214.29;726.43;7264.28;3632.14;0
;13173;092023;C54-E;24214.29;726.43;6295.71;3632.14;0;0;0;24214.29;726.43;6295.71;3632.14;0
;13175;092023;D39-E;16240.32;487.21;4547.28;2436.04;0;0;0;16240.32;487.21;4547.28;2436.04;0
;13177;092023;D39-E;16240.32;487.21;4547.28;2436.04;0;0;0;16240.32;487.21;4547.28;2436.04;0
;13178;092023;E24-E;10892.27;326.77;3049.83;1633.84;2234.76;6045.82;7316.17;10892.27;326.77;3049.83;1633.84;2234.76
;13179;092023;D39-E;16240.32;487.21;4384.88;2436.04;0;0;0;16240.32;487.21;4384.88;2436.04;0
;13180;092023;D39-E;16240.32;487.21;4384.88;2436.04;0;0;0;16240.32;487.21;4384.88;2436.04;0
;13182;092023;C54-E;24214.29;726.43;6537.85;3632.14;0;0;0;24214.29;726.43;6537.85;3632.14;0
;13196;092023;E24-E;10892.27;326.77;3049.83;1633.84;2241.25;0;0;10892.27;326.77;3049.83;1633.84;2241.25
;13197;092023;C54-E;24214.29;726.43;7022.14;3632.14;0;0;0;24214.29;726.43;7022.14;3632.14;0
;13198;092023;D39-E;16240.32;487.21;4872.09;2436.04;3399.99;0;0;16240.32;487.21;4872.09;2436.04;3399.99
;13202;092023;C54-E;24214.29;726.43;6537.85;3632.14;0;0;0;24214.29;726.43;6537.85;3632.14;0
;13203;092023;D39-E;16240.32;487.21;5846.51;2436.04;3509.79;0;0;16240.32;487.21;5846.51;2436.04;3509.79
;13204;092023;B69-E;36103.43;1083.1;10108.96;5415.51;0;0;0;36103.43;1083.1;10108.96;5415.51;0
;13208;092023;D39-E;16240.32;487.21;3897.67;2436.04;0;0;0;16240.32;487.21;3897.67;2436.04;0
;13210;092023;E24-E;10892.27;326.77;2614.14;1633.84;2165.38;0;0;10892.27;326.77;2614.14;1633.84;2165.38
;13213;092023;E24-E;10892.27;326.77;3267.68;707.99;0;0;0;10892.27;326.77;3267.68;707.99;0
;13216;092023;E24-E;10892.27;326.77;2614.14;1198.14;0;0;0;10892.27;326.77;2614.14;1198.14;0
;13220;092023;D39-E;16240.32;487.21;5521.7;1218.02;0;0;0;16240.32;487.21;5521.7;1218.02;0
;13221;092023;E24-E;10892.27;326.77;4247.98;1633.84;2402.5;0;0;10892.27;326.77;4356.9;1633.84;2417.75
;13226;092023;E24-E;10892.27;326.77;2723.06;1633.84;0;0;0;10892.27;326.77;2723.06;1633.84;0
;13232;092023;C54-E;24214.29;726.43;7990.71;3632.14;0;0;0;24214.29;726.43;7990.71;3632.14;0
;13233;092023;E24-E;10892.27;326.77;3158.75;1633.84;0;0;0;10892.27;326.77;3158.75;1633.84;0
;13243;092023;E24-E;10892.27;326.77;2614.14;1633.84;0;5155.67;6874.05;10892.27;326.77;2614.14;1633.84;0
;13244;092023;D39-E;16240.32;487.21;4060.08;2436.04;0;0;0;16240.32;487.21;4060.08;2436.04;0
;13251;092023;B69-E;36103.43;1083.1;10831.02;5415.51;4942.34;0;0;36103.43;1083.1;10831.02;5415.51;4942.34
;13253;092023;C54-E;24214.29;726.43;6537.85;3632.14;4915.49;0;0;24214.29;726.43;6537.85;3632.14;4915.49
;13260;092023;E24-E;10892.27;326.77;3158.75;1633.84;0;0;0;10892.27;326.77;3158.75;1633.84;0
;13261;092023;C54-E;24214.29;726.43;7264.28;3632.14;0;0;0;24214.29;726.43;7264.28;3632.14;0
;13266;092023;E24-E;10892.27;326.77;2614.14;1524.91;0;0;0;10892.27;326.77;2614.14;1524.91;0
;13267;092023;E24-E;10892.27;326.77;2614.14;1633.84;2173.76;0;0;10892.27;326.77;2614.14;1633.84;2173.76
;13268;092023;D39-E;16240.32;487.21;4709.69;2436.04;0;0;0;16240.32;487.21;4709.69;2436.04;0
;13271;092023;E24-E;10892.27;326.77;3158.75;1524.91;2234.75;0;0;10892.27;326.77;3158.75;1524.91;2234.75
;13272;092023;C54-E;24214.29;726.43;6537.85;3632.14;0;0;0;24214.29;726.43;6537.85;3632.14;0
;13274;092023;E24-E;10892.27;326.77;2723.06;1089.22;2112.76;0;0;10892.27;326.77;2723.06;1089.22;2112.76
;13275;092023;D39-E;16240.32;487.21;3897.67;2436.04;0;0;0;16240.32;487.21;3897.67;2436.04;0
;13278;092023;E24-E;10892.27;326.77;2940.91;1633.84;2211.13;0;0;10892.27;326.77;2940.91;1633.84;2211.13
;13280;092023;E24-E;10892.27;326.77;2614.14;1633.84;2165.38;0;0;10892.27;326.77;2614.14;1633.84;2165.38
;13281;092023;E24-E;10892.27;326.77;3703.37;1633.84;2552.84;0;0;10892.27;326.77;3703.37;1633.84;2552.84
;13289;092023;E24-E;10892.27;326.77;2614.14;1633.84;0;0;0;10892.27;326.77;2614.14;1633.84;0
;13295;092023;E24-E;10892.27;326.77;4139.06;1633.84;2387.25;0;0;10892.27;326.77;4139.06;1633.84;2387.25
;13307;092023;C54-E;24214.29;726.43;5811.42;3390;0;0;0;24214.29;726.43;5811.42;3390;0
;13308;092023;A69-E;36103.43;1083.1;8664.82;5415.51;0;0;0;36103.43;1083.1;8664.82;5415.51;0
;13359;092023;C54-E;24214.29;726.43;6295.71;1937.14;0;0;0;24214.29;726.43;6295.71;1937.14;0
;13458;092023;C51-E;22485.38;674.56;5171.63;3372.8;0;0;0;22485.38;674.56;5171.63;3372.8;0
;13459;092023;C54-E;24214.29;726.43;5569.28;3632.14;0;0;0;24214.29;726.43;5811.42;3632.14;0
;13461;092023;C54-E;24214.29;726.43;7264.28;1210.71;4686.58;0;0;24214.29;726.43;7264.28;1210.71;4686.58
;13465;092023;C54-E;24214.29;726.43;7264.28;3632.14;5017.19;0;0;24214.29;726.43;7264.28;3632.14;5017.19
;13466;092023;C54-E;24214.29;726.43;8232.85;3632.14;4588.83;0;0;24214.29;726.43;8232.85;3632.14;5161.18
;13491;092023;B69-E;36103.43;1083.1;11553.09;5415.51;5262.59;0;0;36103.43;1083.1;11553.09;5415.51;5262.59
;13498;092023;B66-E;33525.63;1005.77;10057.68;5028.84;0;0;0;33525.63;1005.77;10392.94;5028.84;0
;13516;092023;C54-E;24214.29;726.43;5811.42;3632.14;0;0;0;24214.29;726.43;5811.42;3632.14;0
;13525;092023;C54-E;24214.29;726.43;6537.85;3632.14;0;0;0;24214.29;726.43;6537.85;3632.14;0
;13588;092023;B69-E;36103.43;1083.1;8303.78;2166.2;0;0;0;36103.43;1083.1;8303.78;2166.2;0
;13671;092023;C54-E;24214.29;726.43;7990.71;3632.14;5127.28;0;0;24214.29;726.43;7990.71;3632.14;5127.28
;13711;092023;B69-E;36103.43;1083.1;9025.85;5415.51;5262.59;0;0;36103.43;1083.1;9025.85;5415.51;5262.59
;14236;092023;C54-E;24214.29;726.43;5811.42;3632.14;4607.02;0;0;24214.29;726.43;5811.42;3632.14;4822.18
;14242;092023;C54-E;24214.29;726.43;6780;3632.14;4637.71;0;0;24214.29;726.43;6780;3632.14;4957.78
;14246;092023;C54-E;24214.29;726.43;5327.14;3632.14;0;0;0;24214.29;726.43;5327.14;3632.14;0
;14274;092023;C54-E;24214.29;726.43;6780;3632.14;4633.4;0;0;24214.29;726.43;6780;3632.14;4957.78
;14304;092023;C54-E;24214.29;726.43;7990.71;3632.14;0;0;0;24214.29;726.43;7990.71;3632.14;0
;14356;092023;C54-E;24214.29;726.43;7264.28;3632.14;5017.19;0;0;24214.29;726.43;7264.28;3632.14;5017.19
;14428;092023;B69-E;36103.43;1083.1;10108.96;5415.51;5262.59;0;0;36103.43;1083.1;10108.96;5415.51;5262.59
;14447;092023;C54-E;24214.29;726.43;6053.57;3632.14;5262.59;0;0;24214.29;726.43;6053.57;3632.14;5262.59
;16540;092023;C52-E;23047.51;691.43;5300.92;3457.12;0;0;0;23047.51;691.43;5531.4;3457.12;0
;16689;092023;C51-E;22485.38;674.56;3597.66;3372.8;0;0;0;22485.38;674.56;3597.66;3372.8;0
;16690;092023;C50-E;21936.96;658.11;3290.54;3290.54;0;0;0;21936.96;658.11;3290.54;3290.54;0
;16691;092023;C51-E;22485.38;674.56;3372.8;3147.95;0;0;0;22485.38;674.56;3372.8;3147.95;0
;16693;092023;C51-E;22485.38;674.56;3372.8;3372.8;0;0;0;22485.38;674.56;3372.8;3372.8;0
;16700;092023;C51-E;22485.38;674.56;3372.8;3372.8;0;0;0;22485.38;674.56;3372.8;3372.8;0
;16706;092023;C45;19109.42;573.28;2293.13;2866.41;0;8280.74;0;19109.42;573.28;2293.13;2866.41;0
;16707;092023;C50-E;21936.96;658.11;3509.91;3290.54;0;0;0;22485.38;674.56;3597.66;3372.8;0
;16709;092023;C51-E;22485.38;674.56;3372.8;3372.8;0;9968.51;13291.01;22485.38;674.56;3372.8;3372.8;0
;16711;092023;C49-E;21401.91;642.06;2996.26;3210.28;0;0;0;21936.96;658.11;3071.17;3290.54;0
;16720;092023;B66-E;33525.63;1005.77;5028.84;5028.84;0;0;0;33525.63;1005.77;5028.84;5028.84;0
;16721;092023;C51-E;22485.38;674.56;3372.8;3372.8;0;0;0;22485.38;674.56;3372.8;3372.8;0
;16726;092023;B66-E;33525.63;1005.77;5028.84;5028.84;0;12529.98;0;33525.63;1005.77;5028.84;5028.84;0
;16728;092023;B66-E;33525.63;1005.77;5699.35;5028.84;0;0;0;33525.63;1005.77;6034.61;5028.84;0
;16730;092023;B66-E;33525.63;1005.77;7040.38;5028.84;0;0;0;33525.63;1005.77;7040.38;5028.84;0
;16731;092023;C51-E;22485.38;674.56;3372.8;3147.95;0;0;0;22485.38;674.56;3372.8;3147.95;0
;16732;092023;B66-E;33525.63;1005.77;5028.84;5028.84;0;0;0;33525.63;1005.77;5028.84;5028.84;0
;16739;092023;B66-E;33525.63;1005.77;6369.86;5028.84;0;0;0;33525.63;1005.77;6369.86;5028.84;0
;16740;092023;B66-E;33525.63;1005.77;5028.84;5028.84;0;0;0;33525.63;1005.77;5028.84;5028.84;0
;16742;092023;B66-E;33525.63;1005.77;5028.84;5028.84;0;0;0;33525.63;1005.77;5028.84;5028.84;0
;16743;092023;B66-E;33525.63;1005.77;5028.84;5028.84;0;0;0;33525.63;1005.77;5028.84;5028.84;0
;16744;092023;B66-E;33525.63;1005.77;5699.35;4777.4;0;0;0;33525.63;1005.77;5699.35;4777.4;0
;16746;092023;B66-E;33525.63;1005.77;5028.84;5028.84;0;0;0;33525.63;1005.77;5028.84;5028.84;0
;16747;092023;B66-E;33525.63;1005.77;5028.84;5028.84;0;0;0;33525.63;1005.77;5028.84;5028.84;0
;16749;092023;B66-E;33525.63;1005.77;5699.35;5028.84;0;0;0;33525.63;1005.77;5699.35;5028.84;0
;16752;092023;B66-E;33525.63;1005.77;5028.84;5028.84;0;0;0;33525.63;1005.77;5028.84;5028.84;0
;16753;092023;B66-E;33525.63;1005.77;5028.84;5028.84;0;0;0;33525.63;1005.77;5028.84;5028.84;0
;16755;092023;B66-E;33525.63;1005.77;5028.84;5028.84;0;0;0;33525.63;1005.77;5028.84;5028.84;0
;16759;092023;B66-E;33525.63;1005.77;8716.66;5028.84;0;0;0;33525.63;1005.77;9051.92;5028.84;0
;16760;092023;B66-E;33525.63;1005.77;5028.84;5028.84;0;0;0;33525.63;1005.77;5028.84;5028.84;0
;16764;092023;B66-E;33525.63;1005.77;5364.1;5028.84;0;0;0;33525.63;1005.77;5364.1;5028.84;0
;16765;092023;B66-E;33525.63;1005.77;5028.84;5028.84;0;0;0;33525.63;1005.77;5028.84;5028.84;0
;16769;092023;B58;27119.19;813.58;2440.72;4067.87;0;0;0;27797.17;833.92;2501.74;4169.57;0
;16771;092023;B66-E;33525.63;1005.77;5699.35;5028.84;5262.59;0;0;33525.63;1005.77;5699.35;5028.84;5262.59
;16772;092023;B66-E;33525.63;1005.77;7040.38;5028.84;0;0;0;33525.63;1005.77;7040.38;5028.84;0
;16773;092023;B66-E;33525.63;1005.77;5028.84;5028.84;0;0;0;33525.63;1005.77;5028.84;5028.84;0
;16777;092023;B66-E;33525.63;1005.77;5028.84;5028.84;0;0;0;33525.63;1005.77;5028.84;5028.84;0
;16780;092023;A66-E;33525.63;1005.77;5028.84;5028.84;0;12529.98;16706.22;33525.63;1005.77;5028.84;5028.84;0
;16786;092023;A66-E;33525.63;1005.77;5028.84;5028.84;0;0;0;33525.63;1005.77;5028.84;5028.84;0
;16787;092023;A66-E;33525.63;1005.77;9051.92;5028.84;0;0;0;33525.63;1005.77;9387.17;5028.84;0
;16791;092023;A66-E;33525.63;1005.77;5028.84;5028.84;0;0;0;33525.63;1005.77;5028.84;5028.84;0
;16795;092023;A66-E;33525.63;1005.77;5028.84;4023.07;0;0;0;33525.63;1005.77;5028.84;4023.07;0
;16796;092023;A66-E;33525.63;1005.77;4693.58;5028.84;0;0;0;33525.63;1005.77;4693.58;5028.84;0
;16799;092023;A66-E;33525.63;1005.77;10392.94;5028.84;5262.59;0;0;33525.63;1005.77;10392.94;5028.84;5262.59
;16800;092023;A66-E;33525.63;1005.77;5028.84;5028.84;0;0;0;33525.63;1005.77;5028.84;5028.84;0
;16802;092023;B66-E;33525.63;1005.77;5028.84;5028.84;0;0;0;33525.63;1005.77;5028.84;5028.84;0
;16803;092023;A66-E;33525.63;1005.77;5028.84;5028.84;0;0;0;33525.63;1005.77;5028.84;5028.84;0
;16804;092023;B66-E;33525.63;1005.77;5028.84;5028.84;0;0;0;33525.63;1005.77;5028.84;5028.84;0
;16805;092023;A66-E;33525.63;1005.77;5028.84;5028.84;0;0;0;33525.63;1005.77;5028.84;5028.84;0
;16806;092023;A66-E;33525.63;1005.77;5028.84;5028.84;5262.59;0;0;33525.63;1005.77;5028.84;5028.84;5262.59
;16809;092023;A66-E;33525.63;1005.77;5028.84;5028.84;0;0;0;33525.63;1005.77;5028.84;5028.84;0
;16810;092023;B66-E;33525.63;1005.77;5028.84;5028.84;0;0;0;33525.63;1005.77;5028.84;5028.84;0
;16811;092023;B66-E;33525.63;1005.77;6034.61;5028.84;0;0;0;33525.63;1005.77;6369.86;5028.84;0
;16812;092023;A66-E;33525.63;1005.77;5028.84;5028.84;0;0;0;33525.63;1005.77;5028.84;5028.84;0
;16813;092023;B66-E;33525.63;1005.77;5028.84;5028.84;5262.59;0;0;33525.63;1005.77;5028.84;5028.84;5262.59
;16814;092023;B66-E;33525.63;1005.77;5028.84;4190.7;0;0;0;33525.63;1005.77;5028.84;4190.7;0
;16815;092023;B66-E;33525.63;1005.77;5028.84;5028.84;0;0;0;33525.63;1005.77;5028.84;5028.84;0
;16816;092023;B66-E;33525.63;1005.77;5699.35;5028.84;0;0;0;33525.63;1005.77;5699.35;5028.84;0
;16820;092023;B66-E;33525.63;1005.77;5699.35;5028.84;0;0;0;33525.63;1005.77;5699.35;5028.84;0
;16822;092023;B66-E;33525.63;1005.77;5028.84;5028.84;0;0;0;33525.63;1005.77;5028.84;5028.84;0
;16823;092023;A66-E;33525.63;1005.77;5028.84;5028.84;5262.59;0;0;33525.63;1005.77;5364.1;5028.84;5262.59
;16830;092023;C51-E;22485.38;674.56;3372.8;3372.8;0;0;0;22485.38;674.56;3372.8;3372.8;0
;16831;092023;C51-E;22485.38;674.56;3372.8;3372.8;0;0;0;22485.38;674.56;3372.8;3372.8;0
;16832;092023;B66-E;33525.63;1005.77;5028.84;5028.84;0;0;0;33525.63;1005.77;5028.84;5028.84;0
;16835;092023;C51-E;22485.38;674.56;7195.32;3372.8;0;0;0;22485.38;674.56;7195.32;3372.8;0
;16836;092023;C51-E;22485.38;674.56;3372.8;3372.8;0;0;0;22485.38;674.56;3372.8;3372.8;0
;16837;092023;C51-E;22485.38;674.56;5846.19;3372.8;0;0;0;22485.38;674.56;5846.19;3372.8;0
;16838;092023;C51-E;22485.38;674.56;3372.8;3372.8;0;0;0;22485.38;674.56;3372.8;3372.8;0
;16839;092023;C51-E;22485.38;674.56;3372.8;3372.8;0;0;0;22485.38;674.56;3372.8;3372.8;0
;16840;092023;C51-E;22485.38;674.56;3372.8;3372.8;0;0;0;22485.38;674.56;3372.8;3372.8;0
;16841;092023;C51-E;22485.38;674.56;3372.8;3372.8;0;0;0;22485.38;674.56;3372.8;3372.8;0
;16846;092023;B66-E;33525.63;1005.77;5028.84;5028.84;0;0;0;33525.63;1005.77;5028.84;5028.84;0
;16847;092023;C51-E;22485.38;674.56;3372.8;3372.8;4186.77;0;0;22485.38;674.56;3372.8;3372.8;4186.77
;16848;092023;C49-E;21401.91;642.06;2996.26;3210.28;0;0;0;21401.91;642.06;2996.26;3210.28;0
;16864;092023;B66-E;33525.63;1005.77;5028.84;5028.84;0;0;0;33525.63;1005.77;5028.84;5028.84;0
;16872;092023;B66-E;33525.63;1005.77;5028.84;4525.96;5262.59;0;0;33525.63;1005.77;5028.84;4525.96;5262.59
;16920;092023;C50-E;21936.96;658.11;3290.54;3290.54;0;0;0;22485.38;674.56;3372.8;3372.8;0
;16921;092023;C50-E;21936.96;658.11;3948.65;3290.54;0;0;0;22485.38;674.56;4047.36;3372.8;0
;16922;092023;C50-E;21936.96;658.11;3290.54;3290.54;0;0;0;22485.38;674.56;3372.8;3372.8;0
;16923;092023;C49-E;21401.91;642.06;2996.26;3210.28;0;0;0;21401.91;642.06;2996.26;3210.28;0
;16934;092023;C50-E;21936.96;658.11;3290.54;3290.54;0;0;0;21936.96;658.11;3290.54;3290.54;0
;18125;092023;E18;9256.89;277.71;1203.39;1388.53;1697.71;0;0;9256.89;277.71;1203.39;1388.53;1697.71
;18323;092023;B63;30682.87;920.49;3681.94;4602.43;0;12529.98;16706.22;30682.87;920.49;3681.94;4602.43;0
;18325;092023;B63;30682.87;920.49;3681.94;4602.43;0;0;0;30682.87;920.49;3681.94;4602.43;0
;18326;092023;C48;20578.76;617.36;2469.45;3086.81;3745.33;0;0;20578.76;617.36;2469.45;3086.81;3745.33
;18327;092023;B63;30682.87;920.49;3681.94;4602.43;0;0;0;30682.87;920.49;3681.94;4602.43;0
;18328;092023;B63;30682.87;920.49;4602.43;4602.43;0;0;0;30682.87;920.49;4602.43;4602.43;0
;18330;092023;B63;30682.87;920.49;5829.74;4602.43;0;0;0;30682.87;920.49;6136.57;4602.43;0
;18332;092023;C48;20578.76;617.36;2469.45;3086.81;0;0;0;20578.76;617.36;2469.45;3086.81;0
;18333;092023;B60;28492.1;854.76;3703.97;4273.81;0;0;0;28492.1;854.76;3703.97;4273.81;0
;18334;092023;A63;30682.87;920.49;5829.74;4602.43;0;0;0;30682.87;920.49;5829.74;4602.43;0
;18335;092023;C48;20578.76;617.36;2469.45;3086.81;0;0;0;20578.76;617.36;2469.45;3086.81;0
;18338;092023;B63;30682.87;920.49;3681.94;4602.43;0;0;0;30682.87;920.49;3681.94;4602.43;0
;18339;092023;B63;30682.87;920.49;3681.94;4602.43;0;0;0;30682.87;920.49;3681.94;4602.43;0
;18340;092023;C48;20578.76;617.36;2469.45;3086.81;0;0;0;20578.76;617.36;2469.45;3086.81;0
;18342;092023;A63;30682.87;920.49;3681.94;4602.43;0;12529.98;16706.22;30682.87;920.49;3681.94;4602.43;0
;18343;092023;C48;20578.76;617.36;2469.45;3086.81;0;8917.46;11889.64;20578.76;617.36;2469.45;3086.81;0
;18344;092023;B63;30682.87;920.49;3681.94;4602.43;0;0;0;30682.87;920.49;3681.94;4602.43;0
;18345;092023;C48;20578.76;617.36;2469.45;3086.81;4382.28;9907.02;11804.78;20578.76;617.36;2469.45;3086.81;3745.33
;18346;092023;B63;30682.87;920.49;9818.51;4602.43;5262.59;0;0;30682.87;920.49;9818.51;4602.43;5262.59
;18347;092023;B63;30682.87;920.49;4295.6;4602.43;0;0;0;30682.87;920.49;4295.6;4602.43;0
;18348;092023;B63;30682.87;920.49;7363.88;4602.43;0;0;0;30682.87;920.49;7363.88;4602.43;0
;18350;092023;C48;20578.76;617.36;2469.45;3086.81;3745.33;0;0;20578.76;617.36;2469.45;3086.81;3745.33
;18351;092023;C48;20578.76;617.36;2469.45;1234.72;0;0;0;20578.76;617.36;2469.45;1234.72;0
;18403;092023;C47;20076.84;602.31;2409.22;3011.52;0;0;0;20578.76;617.36;2469.45;3086.81;0
;18411;092023;B62;29934.51;898.04;3592.14;4490.17;0;0;0;29934.51;898.04;3592.14;4490.17;0
;18459;092023;C47;20076.84;602.31;2409.22;3011.52;0;0;0;20076.84;602.31;2409.22;3011.52;0
;18473;092023;C47;20076.84;602.31;2409.22;3011.52;3653.98;0;0;20076.84;602.31;2409.22;3011.52;3653.98
;18493;092023;B62;29934.51;898.04;3592.14;4490.17;0;0;0;29934.51;898.04;3592.14;4490.17;0
;18552;092023;B62;29934.51;898.04;3292.79;4340.5;0;0;0;29934.51;898.04;3592.14;4340.5;0
;18665;092023;B62;29934.51;898.04;3891.48;4490.17;0;0;0;29934.51;898.04;3891.48;4490.17;0
;18752;092023;C47;20076.84;602.31;2208.45;3011.52;0;0;0;20076.84;602.31;2208.45;3011.52;0
;18820;092023;B62;29934.51;898.04;3292.79;4490.17;0;0;0;29934.51;898.04;3292.79;4490.17;0
;19167;092023; ;0;0;0;0;0;2881.29;0;0;0;0;0;0
;19497;092023;A61;29204.4;876.13;2920.44;4380.66;0;0;0;29204.4;876.13;2920.44;4380.66;0
;20067;092023;C41;17062.5;511.88;3241.87;2559.37;0;0;0;17062.5;511.88;3241.87;2559.37;0
;20979;092023; ;11456.24;0;0;0;0;0;0;11456.24;0;0;0;0
;22348;092023; ;14944.83;0;0;0;0;0;0;14944.83;0;0;0;0
;22561;092023;C35;14500.73;435.02;725.03;2175.1;0;0;0;14500.73;435.02;725.03;2175.1;0
;22610;092023;C35;14500.73;435.02;290.01;2175.1;0;0;0;14500.73;435.02;290.01;2175.1;0
;22617;092023;C35;14500.73;435.02;290.01;2175.1;0;0;0;14500.73;435.02;290.01;2175.1;0
;22698;092023;B50;21620.56;648.62;864.82;3243.08;0;0;0;21620.56;648.62;864.82;3243.08;0
;22699;092023;A50;21620.56;648.62;432.41;3243.08;0;0;0;21620.56;648.62;432.41;3243.08;0
;22700;092023;B50;21620.56;648.62;432.41;3243.08;0;0;0;21620.56;648.62;432.41;3243.08;0
;22701;092023;A50;21620.56;648.62;432.41;3243.08;0;0;0;21620.56;648.62;432.41;3243.08;0
;22702;092023;C35;14500.73;435.02;290.01;2175.1;0;0;0;14500.73;435.02;290.01;2175.1;0
;22703;092023;A50;21620.56;648.62;5188.93;3243.08;0;0;0;21620.56;648.62;5188.93;3243.08;0
;22705;092023;B50;21620.56;648.62;432.41;3243.08;0;8648.22;11530.67;21620.56;648.62;432.41;3243.08;0
;22707;092023;A50;21620.56;648.62;432.41;3243.08;0;0;0;21620.56;648.62;432.41;3243.08;0
;22708;092023;B50;21620.56;648.62;432.41;3243.08;0;0;0;21620.56;648.62;432.41;3243.08;0
;22709;092023;A50;21620.56;648.62;432.41;3243.08;0;0;0;21620.56;648.62;432.41;3243.08;0
;22711;092023;A50;21620.56;648.62;432.41;3243.08;0;0;0;21620.56;648.62;432.41;3243.08;0
;22712;092023;B50;21620.56;648.62;432.41;3243.08;0;0;0;21620.56;648.62;432.41;3243.08;0
;22722;092023;B50;21620.56;648.62;864.82;3243.08;0;0;0;21620.56;648.62;864.82;3243.08;0
;22723;092023;A50;21620.56;648.62;432.41;3243.08;0;0;0;21620.56;648.62;432.41;3243.08;0
;22729;092023;C35;14500.73;435.02;290.01;2175.1;0;0;0;14500.73;435.02;290.01;2175.1;0
;22730;092023;B50;21620.56;648.62;864.82;3243.08;0;0;0;21620.56;648.62;864.82;3243.08;0
;22731;092023;C35;14500.73;435.02;290.01;2175.1;0;0;7733.52;14500.73;435.02;290.01;2175.1;0
;22739;092023;C35;14500.73;435.02;290.01;2175.1;0;5800.28;7733.52;14500.73;435.02;290.01;2175.1;0
;22740;092023;B50;21620.56;648.62;432.41;3243.08;0;0;0;21620.56;648.62;432.41;3243.08;0
;22743;092023;C35;14500.73;435.02;290.01;2175.1;0;0;0;14500.73;435.02;290.01;2175.1;0
;22752;092023;C35;14500.73;435.02;290.01;2175.1;0;0;0;14500.73;435.02;290.01;2175.1;0
;22836;092023;C34;14147.05;424.41;0;2122.05;0;0;0;14147.05;424.41;0;2122.05;0
;22837;092023;B49;21093.23;632.8;0;3163.98;0;0;0;21093.23;632.8;0;3163.98;0
;22838;092023;B49;21093.23;632.8;0;3163.98;0;0;0;21093.23;632.8;0;3163.98;0
;22842;092023;C34;14147.05;424.41;282.94;2122.05;0;0;0;14147.05;424.41;282.94;2122.05;0
;22843;092023;C34;14147.05;424.41;282.94;2122.05;0;0;0;14147.05;424.41;282.94;2122.05;0
;22844;092023;C34;14147.05;424.41;282.94;2122.05;0;5658.81;7544.9;14147.05;424.41;282.94;2122.05;0
;22851;092023;B49;21093.23;632.8;421.86;3163.98;0;0;0;21093.23;632.8;421.86;3163.98;0
;22855;092023;B49;21093.23;632.8;421.86;3163.98;0;0;0;21093.23;632.8;421.86;3163.98;0
;22858;092023;B49;21093.23;632.8;421.86;3163.98;0;8437.29;11249.43;21093.23;632.8;421.86;3163.98;0
;22900;092023; ;0;0;0;0;0;1116.26;0;0;0;0;0;0
;22906;092023;B49;21093.23;632.8;632.79;3163.98;0;8507.6;11343.18;21093.23;632.8;632.79;3163.98;0
;22907;092023;B49;21093.23;632.8;2953.05;3163.98;0;0;0;21093.23;632.8;2953.05;3163.98;0
;22908;092023;B49;21093.23;632.8;632.79;3163.98;0;0;0;21093.23;632.8;632.79;3163.98;0
;22945;092023;A49;21093.23;632.8;210.93;3163.98;0;0;0;21093.23;632.8;210.93;3163.98;0
;22946;092023;B49;21093.23;632.8;210.93;3163.98;0;0;0;21093.23;632.8;210.93;3163.98;0
;22947;092023;B49;21093.23;632.8;632.79;3163.98;0;0;0;21093.23;632.8;632.79;3163.98;0
;22960;092023;B49;21093.23;632.8;210.93;3163.98;0;0;0;21093.23;632.8;210.93;3163.98;0
;22962;092023;C34;14147.05;424.41;141.47;2122.05;0;0;0;14147.05;424.41;141.47;2122.05;0
;22964;092023;B49;21093.23;632.8;210.93;3163.98;0;0;0;21093.23;632.8;210.93;3163.98;0
;22965;092023;B49;21093.23;632.8;210.93;3163.98;0;8366.98;11155.69;21093.23;632.8;210.93;3163.98;0
;22966;092023;C34;14147.05;424.41;141.47;2122.05;0;0;0;14147.05;424.41;141.47;2122.05;0
;22970;092023;B49;21093.23;632.8;210.93;3163.98;0;0;0;21093.23;632.8;210.93;3163.98;0
;22971;092023;C34;14147.05;424.41;141.47;2122.05;0;0;0;14147.05;424.41;141.47;2122.05;0
;22972;092023;B49;21093.23;632.8;210.93;3163.98;0;0;0;21093.23;632.8;210.93;3163.98;0
;23005;092023;C31;13136.95;394.11;262.73;1970.54;0;0;0;14147.05;424.41;282.94;2122.05;0
;23006;092023;A46;19587.16;587.61;195.87;2938.07;0;0;0;21093.23;632.8;210.93;3163.98;0
;23009;092023;B46;19587.16;587.61;391.74;2938.07;0;0;0;21093.23;632.8;632.79;3163.98;0
;23010;092023;B46;19587.16;587.61;195.87;2938.07;0;0;0;21093.23;632.8;210.93;3163.98;0
;23011;092023;A46;19587.16;587.61;195.87;2938.07;0;0;0;21093.23;632.8;210.93;3163.98;0
;23012;092023;B46;19587.16;587.61;195.87;2938.07;0;0;0;21093.23;632.8;210.93;3163.98;0
;23013;092023;C31;13136.95;394.11;1970.54;1970.54;0;5824.04;7765.2;14147.05;424.41;2122.05;2122.05;0
;23014;092023;C31;13136.95;394.11;131.36;1970.54;0;0;0;14147.05;424.41;141.47;2122.05;0
;23017;092023;C31;13136.95;394.11;262.73;1970.54;0;0;0;14147.05;424.41;424.41;2122.05;0
;23018;092023;C31;13136.95;394.11;131.36;1970.54;0;0;0;14147.05;424.41;141.47;2122.05;0
;23020;092023;B46;19587.16;587.61;195.87;2938.07;0;7769.57;10359.16;21093.23;632.8;210.93;3163.98;0
;23021;092023;C31;13136.95;394.11;131.36;1970.54;0;0;0;14147.05;424.41;141.47;2122.05;0
;23022;092023;C31;13136.95;394.11;131.36;1970.54;0;0;0;14147.05;424.41;141.47;2122.05;0
;23023;092023;B46;19587.16;587.61;195.87;2938.07;0;0;0;21093.23;632.8;210.93;3163.98;0
;23025;092023;B46;19587.16;587.61;195.87;2938.07;0;0;0;21093.23;632.8;210.93;3163.98;0
;23035;092023;B46;19587.16;587.61;195.87;2938.07;0;0;0;21093.23;632.8;210.93;3163.98;0
;23047;092023;B46;19587.16;587.61;195.87;2938.07;0;0;0;19587.16;587.61;195.87;2938.07;0
;23048;092023;B46;19587.16;587.61;195.87;2938.07;0;0;0;21093.23;632.8;210.93;3163.98;0
;23051;092023;B46;19587.16;587.61;391.74;2742.2;0;0;0;21093.23;632.8;632.79;2953.05;0
;23054;092023;C31;13136.95;394.11;131.36;1970.54;0;0;0;13136.95;394.11;131.36;1970.54;0
;23056;092023;A46;19587.16;587.61;2350.45;2938.07;0;0;0;19587.16;587.61;2350.45;2938.07;0
;23057;092023;B46;19587.16;587.61;195.87;2938.07;0;0;0;19587.16;587.61;195.87;2938.07;0
;23058;092023;B46;19587.16;587.61;195.87;2938.07;0;0;0;19587.16;587.61;195.87;2938.07;0
;23066;092023;A46;19587.16;587.61;195.87;2938.07;0;0;0;19587.16;587.61;195.87;2938.07;0
;23069;092023;C31;13136.95;394.11;262.73;1970.54;0;5254.77;7006.19;13136.95;394.11;262.73;1970.54;0
;23072;092023;A46;19587.16;587.61;195.87;2938.07;0;0;0;19587.16;587.61;195.87;2938.07;0
;23073;092023;A46;19587.16;587.61;195.87;2938.07;0;0;0;19587.16;587.61;195.87;2938.07;0
;23074;092023;C31;13136.95;394.11;919.58;1970.54;0;0;0;13136.95;394.11;919.58;1970.54;0
;23077;092023;A46;19587.16;587.61;195.87;2938.07;0;0;0;19587.16;587.61;195.87;2938.07;0
;23081;092023;B46;19587.16;587.61;195.87;2938.07;0;0;0;19587.16;587.61;195.87;2938.07;0
;23082;092023;A46;19587.16;587.61;195.87;2938.07;0;0;0;19587.16;587.61;195.87;2938.07;0
;23087;092023;B46;19587.16;587.61;195.87;2938.07;0;0;0;19587.16;587.61;195.87;2938.07;0
;23182;092023;B46;19587.16;587.61;195.87;2938.07;0;0;0;19587.16;587.61;195.87;2938.07;0
;23184;092023;C31;13136.95;394.11;131.36;1970.54;0;0;0;13136.95;394.11;131.36;1970.54;0
;23185;092023;C31;13136.95;394.11;131.36;1970.54;0;0;0;13136.95;394.11;131.36;1970.54;0
;23186;092023;B46;19587.16;587.61;195.87;2938.07;0;0;0;19587.16;587.61;195.87;2938.07;0
;23187;092023;C31;13136.95;394.11;131.36;1970.54;0;0;0;13136.95;394.11;131.36;1970.54;0
;23190;092023;C31;13136.95;394.11;131.36;1970.54;0;0;0;13136.95;394.11;131.36;1970.54;0
;23192;092023;B46;19587.16;587.61;195.87;2938.07;0;0;0;19587.16;587.61;195.87;2938.07;0
;23193;092023;B46;19587.16;587.61;195.87;2938.07;0;7769.57;0;19587.16;587.61;195.87;2938.07;0
;23194;092023;A46;19587.16;587.61;195.87;2938.07;0;0;0;19587.16;587.61;195.87;2938.07;0
;23195;092023;C31;13136.95;394.11;131.36;1970.54;0;0;0;13136.95;394.11;131.36;1970.54;0
;23198;092023;C31;13136.95;394.11;0;1970.54;0;0;0;13136.95;394.11;0;1970.54;0
;23199;092023;C31;13136.95;394.11;131.36;1970.54;0;0;0;13136.95;394.11;131.36;1970.54;0
;23201;092023;B46;19587.16;587.61;195.87;2938.07;0;0;0;19587.16;587.61;195.87;2938.07;0
;23202;092023;A46;19587.16;587.61;1566.97;2938.07;0;0;0;19587.16;587.61;1566.97;2938.07;0
;23203;092023;A46;19587.16;587.61;1175.22;2938.07;0;0;0;19587.16;587.61;1175.22;2938.07;0
;23204;092023;B46;19587.16;587.61;195.87;2938.07;0;0;0;19587.16;587.61;195.87;2938.07;0
;23205;092023;C31;13136.95;394.11;1576.43;1970.54;0;0;0;13136.95;394.11;1576.43;1970.54;0
;23206;092023;B46;19587.16;587.61;195.87;2938.07;0;0;0;19587.16;587.61;195.87;2938.07;0
;23209;092023;A46;19587.16;587.61;195.87;2938.07;0;0;0;19587.16;587.61;195.87;2938.07;0
;23210;092023;B46;19587.16;587.61;391.74;2938.07;0;0;0;19587.16;587.61;391.74;2938.07;0
;23212;092023;C31;13136.95;394.11;131.36;1970.54;0;0;0;13136.95;394.11;131.36;1970.54;0
;23213;092023;C31;13136.95;394.11;131.36;1970.54;0;0;0;13136.95;394.11;131.36;1970.54;0
;23217;092023;B46;19587.16;587.61;391.74;2938.07;0;0;0;19587.16;587.61;391.74;2938.07;0
;23219;092023;C31;13136.95;394.11;131.36;1970.54;0;0;0;13136.95;394.11;131.36;1970.54;0
;23224;092023;C31;13136.95;394.11;131.36;1970.54;0;0;0;13136.95;394.11;131.36;1970.54;0
;23235;092023;B46;19587.16;587.61;195.87;2938.07;0;0;0;19587.16;587.61;195.87;2938.07;0
;23262;092023;B46;19587.16;587.61;195.87;2938.07;0;0;0;19587.16;587.61;195.87;2938.07;0
;23293;092023;B46;19587.16;587.61;1566.97;2938.07;0;0;0;19587.16;587.61;1566.97;2938.07;0
;23296;092023;A46;19587.16;587.61;587.61;2938.07;0;0;0;19587.16;587.61;587.61;2938.07;0
;23298;092023;C31;13136.95;394.11;131.36;1970.54;0;0;0;13136.95;394.11;131.36;1970.54;0
;23299;092023;B46;19587.16;587.61;195.87;2938.07;0;0;0;19587.16;587.61;195.87;2938.07;0
;23302;092023;B46;19587.16;587.61;195.87;2938.07;0;0;0;19587.16;587.61;195.87;2938.07;0
;23304;092023;C31;13136.95;394.11;131.36;1970.54;0;0;0;13136.95;394.11;131.36;1970.54;0
;23305;092023;B46;19587.16;587.61;195.87;2938.07;0;0;0;19587.16;587.61;195.87;2938.07;0
;23306;092023;C31;13136.95;394.11;525.47;1970.54;0;5342.35;7122.96;13136.95;394.11;525.47;1970.54;0
;23307;092023;C31;13136.95;394.11;131.36;1970.54;0;0;0;13136.95;394.11;131.36;1970.54;0
;23308;092023;B46;19587.16;587.61;195.87;2938.07;0;7769.57;10359.16;19587.16;587.61;195.87;2938.07;0
;23309;092023;B46;19587.16;587.61;195.87;2938.07;0;0;0;19587.16;587.61;195.87;2938.07;0
;23310;092023;C31;13136.95;394.11;131.36;1970.54;0;0;0;13136.95;394.11;131.36;1970.54;0
;23311;092023;C31;13136.95;394.11;131.36;1970.54;0;0;0;13136.95;394.11;131.36;1970.54;0
;23312;092023;C31;13136.95;394.11;131.36;1970.54;0;0;0;13136.95;394.11;131.36;1970.54;0
;23313;092023;A46;19587.16;587.61;195.87;2938.07;0;0;0;19587.16;587.61;195.87;2938.07;0
;23315;092023;C31;13136.95;394.11;131.36;1970.54;0;0;0;13136.95;394.11;131.36;1970.54;0
;23317;092023;B46;19587.16;587.61;195.87;2938.07;0;0;0;19587.16;587.61;195.87;2938.07;0
;23318;092023;C31;13136.95;394.11;131.36;1970.54;0;0;0;13136.95;394.11;131.36;1970.54;0
;23326;092023;B46;19587.16;587.61;195.87;2938.07;0;0;0;19587.16;587.61;195.87;2938.07;0
;23375;092023;B46;19587.16;587.61;2350.45;2938.07;0;0;0;19587.16;587.61;2350.45;2938.07;0
;23376;092023;C31;13136.95;394.11;131.36;1970.54;0;0;0;13136.95;394.11;131.36;1970.54;0
;23377;092023;B46;19587.16;587.61;195.87;2938.07;0;0;0;19587.16;587.61;195.87;2938.07;0
;23379;092023;B46;19587.16;587.61;979.35;2938.07;0;0;0;19587.16;587.61;979.35;2938.07;0
;23380;092023;B46;19587.16;587.61;0;2938.07;0;0;0;19587.16;587.61;0;2938.07;0
;23381;092023;C31;13136.95;394.11;131.36;1970.54;0;0;0;13136.95;394.11;131.36;1970.54;0
;23382;092023;B46;19587.16;587.61;195.87;2938.07;0;0;0;19587.16;587.61;195.87;2938.07;0
;23384;092023;B46;19587.16;587.61;391.74;2938.07;0;0;0;19587.16;587.61;391.74;2938.07;0
;23389;092023;C31;13136.95;394.11;131.36;1970.54;0;0;0;13136.95;394.11;131.36;1970.54;0
;23390;092023;C31;13136.95;394.11;131.36;1970.54;0;0;0;13136.95;394.11;131.36;1970.54;0
;23392;092023;C31;13136.95;394.11;131.36;1970.54;0;0;0;13136.95;394.11;131.36;1970.54;0
;23393;092023;C31;13136.95;394.11;131.36;1970.54;0;0;0;13136.95;394.11;131.36;1970.54;0
;23396;092023;C31;13136.95;394.11;131.36;1970.54;0;5210.98;6947.8;13136.95;394.11;131.36;1970.54;0
;23397;092023;C31;13136.95;394.11;131.36;1970.54;0;0;0;13136.95;394.11;131.36;1970.54;0
;23398;092023;C31;13136.95;394.11;131.36;1970.54;0;0;0;13136.95;394.11;131.36;1970.54;0
;23400;092023;B46;19587.16;587.61;195.87;2938.07;0;0;0;19587.16;587.61;195.87;2938.07;0
;23401;092023;B46;19587.16;587.61;195.87;2938.07;0;0;0;19587.16;587.61;195.87;2938.07;0
;23402;092023;C31;13136.95;394.11;131.36;1970.54;0;0;0;13136.95;394.11;131.36;1970.54;0
;23403;092023;B46;19587.16;587.61;2546.33;2938.07;0;0;0;19587.16;587.61;2546.33;2938.07;0
;23404;092023;B46;19587.16;587.61;195.87;2938.07;0;0;0;19587.16;587.61;195.87;2938.07;0
;23405;092023;B46;19587.16;587.61;195.87;2938.07;0;7769.57;10359.16;19587.16;587.61;195.87;2938.07;0
;23406;092023;C31;13136.95;394.11;131.36;1970.54;0;0;0;13136.95;394.11;131.36;1970.54;0
;23408;092023;C31;13136.95;394.11;131.36;1970.54;0;0;0;13136.95;394.11;131.36;1970.54;0
;23409;092023;C31;13136.95;394.11;131.36;1970.54;0;0;0;13136.95;394.11;131.36;1970.54;0
;23411;092023;B46;19587.16;587.61;195.87;2938.07;0;0;0;19587.16;587.61;195.87;2938.07;0
;23413;092023;B46;19587.16;587.61;195.87;2938.07;0;0;0;19587.16;587.61;195.87;2938.07;0
;23415;092023;A46;19587.16;587.61;195.87;2938.07;0;0;0;19587.16;587.61;195.87;2938.07;0
;23421;092023;C31;13136.95;394.11;131.36;1970.54;0;0;0;13136.95;394.11;131.36;1970.54;0
;23423;092023;C31;13136.95;394.11;131.36;1970.54;0;0;0;13136.95;394.11;131.36;1970.54;0
;23424;092023;B46;19587.16;587.61;195.87;2938.07;0;0;0;19587.16;587.61;195.87;2938.07;0
;23428;092023;C31;13136.95;394.11;131.36;1970.54;0;0;0;13136.95;394.11;131.36;1970.54;0
;23429;092023;B46;19587.16;587.61;195.87;2938.07;0;0;0;19587.16;587.61;195.87;2938.07;0
;23430;092023;B46;19587.16;587.61;195.87;1860.78;0;0;0;19587.16;587.61;195.87;1860.78;0
;23431;092023;A46;19587.16;587.61;195.87;2938.07;0;0;0;19587.16;587.61;195.87;2938.07;0
;23432;092023;B46;19587.16;587.61;195.87;2644.26;0;0;0;19587.16;587.61;195.87;2644.26;0
;23433;092023;B46;19587.16;587.61;195.87;2938.07;0;0;0;19587.16;587.61;195.87;2938.07;0
;23434;092023;C31;13136.95;394.11;131.36;1970.54;0;0;0;13136.95;394.11;131.36;1970.54;0
;23437;092023;B46;19587.16;587.61;195.87;2938.07;0;0;0;19587.16;587.61;195.87;2938.07;0
;23443;092023;C31;13136.95;394.11;0;1050.95;0;0;0;13136.95;394.11;0;1050.95;0
;23483;092023;B46;19587.16;587.61;195.87;2938.07;0;0;0;19587.16;587.61;195.87;2938.07;0
;23524;092023;B46;19587.16;587.61;195.87;2938.07;0;0;0;19587.16;587.61;195.87;2938.07;0
;23526;092023;B46;19587.16;587.61;195.87;2938.07;0;0;0;19587.16;587.61;195.87;2938.07;0
;23530;092023;B46;19587.16;587.61;195.87;2938.07;0;0;0;19587.16;587.61;195.87;2938.07;0
;23532;092023;C31;13136.95;394.11;131.36;1970.54;0;0;0;13136.95;394.11;131.36;1970.54;0
;23533;092023;C31;13136.95;394.11;0;1970.54;0;0;0;13136.95;394.11;0;1970.54;0
;23538;092023;C31;13136.95;394.11;0;1970.54;0;0;0;13136.95;394.11;0;1970.54;0
;23539;092023;C31;13136.95;394.11;0;1970.54;0;0;0;13136.95;394.11;0;1970.54;0
;23541;092023;C31;13136.95;394.11;131.36;1970.54;0;5210.98;6947.8;13136.95;394.11;131.36;1970.54;0
;23542;092023;C31;13136.95;394.11;131.36;1970.54;0;0;0;13136.95;394.11;131.36;1970.54;0
;23543;092023;C31;13136.95;394.11;131.36;1970.54;0;0;0;13136.95;394.11;131.36;1970.54;0
;23546;092023;B46;19587.16;587.61;195.87;2938.07;0;7769.57;10359.16;19587.16;587.61;195.87;2938.07;0
;23547;092023;A46;19587.16;587.61;195.87;2938.07;0;0;0;19587.16;587.61;195.87;2938.07;0
;23548;092023;C31;13136.95;394.11;131.36;1970.54;0;0;0;13136.95;394.11;131.36;1970.54;0
;23549;092023;A46;19587.16;587.61;195.87;2938.07;0;0;0;19587.16;587.61;195.87;2938.07;0
;23550;092023;B46;19587.16;587.61;195.87;2938.07;0;0;0;19587.16;587.61;195.87;2938.07;0
;23552;092023;A46;19587.16;587.61;195.87;2938.07;0;0;0;19587.16;587.61;195.87;2938.07;0
;23553;092023;C31;13136.95;394.11;131.36;1970.54;0;0;0;13136.95;394.11;131.36;1970.54;0
;23556;092023;B46;19587.16;587.61;195.87;2938.07;0;0;0;19587.16;587.61;195.87;2938.07;0
;23557;092023;A46;19587.16;587.61;195.87;2938.07;0;0;0;19587.16;587.61;195.87;2938.07;0
;23558;092023;A46;19587.16;587.61;195.87;2938.07;0;0;0;19587.16;587.61;195.87;2938.07;0
;23559;092023;B46;19587.16;587.61;195.87;2938.07;0;7769.57;13812.22;19587.16;587.61;195.87;2938.07;0
;23560;092023;B46;19587.16;587.61;195.87;2938.07;0;7769.57;10359.16;19587.16;587.61;195.87;2938.07;0
;23561;092023;B46;19587.16;587.61;195.87;2938.07;0;0;0;19587.16;587.61;195.87;2938.07;0
;23562;092023;B46;19587.16;587.61;195.87;2938.07;0;0;0;19587.16;587.61;195.87;2938.07;0
;23563;092023;B46;19587.16;587.61;2546.33;2938.07;0;0;0;19587.16;587.61;2546.33;2938.07;0
;23564;092023;C31;13136.95;394.11;131.36;1970.54;0;0;0;13136.95;394.11;131.36;1970.54;0
;23565;092023;B46;19587.16;587.61;195.87;2791.17;0;0;0;19587.16;587.61;195.87;2791.17;0
;23566;092023;B46;19587.16;587.61;195.87;2938.07;0;0;0;19587.16;587.61;195.87;2938.07;0
;23567;092023;A46;19587.16;587.61;195.87;2938.07;0;7769.57;10359.16;19587.16;587.61;195.87;2938.07;0
;23569;092023;C31;13136.95;394.11;131.36;1970.54;0;0;0;13136.95;394.11;131.36;1970.54;0
;23573;092023;B46;19587.16;587.61;195.87;2938.07;0;0;0;19587.16;587.61;195.87;2938.07;0
;23577;092023;C31;13136.95;394.11;131.36;1970.54;0;5210.98;6947.8;13136.95;394.11;131.36;1970.54;0
;23578;092023;C31;13136.95;394.11;131.36;1970.54;0;0;0;13136.95;394.11;131.36;1970.54;0
;23579;092023;C31;13136.95;394.11;131.36;1970.54;0;5210.98;0;13136.95;394.11;131.36;1970.54;0
;23582;092023;B46;19587.16;587.61;195.87;2938.07;0;0;0;19587.16;587.61;195.87;2938.07;0
;23583;092023;B46;19587.16;587.61;195.87;1566.97;0;0;0;19587.16;587.61;195.87;1566.97;0
;23585;092023;C31;13136.95;394.11;131.36;1970.54;0;0;0;13136.95;394.11;131.36;1970.54;0
;23587;092023;B46;19587.16;587.61;195.87;2252.52;0;0;0;19587.16;587.61;195.87;2252.52;0
;23672;092023;B46;19587.16;587.61;2154.58;2938.07;0;8422.47;11229.68;19587.16;587.61;2154.58;2938.07;0
;23673;092023;C31;13136.95;394.11;0;1970.54;0;0;0;13136.95;394.11;0;1970.54;0
;23674;092023;C31;13136.95;394.11;0;1970.54;0;0;0;13136.95;394.11;0;1970.54;0
;23675;092023;A46;19587.16;587.61;0;2938.07;0;0;0;19587.16;587.61;0;2938.07;0
;23676;092023;B46;19587.16;587.61;1371.1;2938.07;0;0;0;19587.16;587.61;1371.1;2938.07;0
;23677;092023;B46;19587.16;587.61;195.87;2938.07;0;0;0;19587.16;587.61;195.87;2938.07;0
;23678;092023;B46;19587.16;587.61;0;2938.07;0;0;0;19587.16;587.61;0;2938.07;0
;23679;092023;B46;19587.16;587.61;1663.8;2938.07;0;0;0;19587.16;587.61;195.87;2938.07;0
;23680;092023;A46;19587.16;587.61;587.61;2938.07;0;0;0;19587.16;587.61;587.61;2938.07;0
;23681;092023;C31;13136.95;394.11;0;1970.54;0;0;0;13136.95;394.11;0;1970.54;0
;23682;092023;C31;13136.95;394.11;0;1970.54;0;0;0;13136.95;394.11;0;1970.54;0
;23683;092023;C31;13136.95;394.11;0;1970.54;0;0;0;13136.95;394.11;0;1970.54;0
;23684;092023;C31;13136.95;394.11;0;1970.54;0;0;0;13136.95;394.11;0;1970.54;0
;23685;092023;A46;19587.16;587.61;3897.02;2938.07;0;186.75;249;19587.16;587.61;587.61;2938.07;0
;23686;092023;C31;13136.95;394.11;262.73;1970.54;0;1751.59;0;13136.95;394.11;262.73;1970.54;0
;23687;092023;B46;19587.16;587.61;195.87;2938.07;0;0;0;19587.16;587.61;195.87;2938.07;0
;23688;092023;C31;13136.95;394.11;0;1970.54;0;0;0;13136.95;394.11;0;1970.54;0
;23689;092023;B46;19587.16;587.61;0;2938.07;0;0;0;19587.16;587.61;0;2938.07;0
;23690;092023;B46;19587.16;587.61;0;2938.07;0;7704.28;0;19587.16;587.61;0;2938.07;0
;23750;092023;C31;13136.95;394.11;0;1970.54;0;0;0;13136.95;394.11;0;1970.54;0
;23751;092023;A46;19587.16;587.61;0;2938.07;0;0;0;19587.16;587.61;0;2938.07;0
;23752;092023;B46;19587.16;587.61;0;2938.07;0;0;0;19587.16;587.61;0;2938.07;0
;23753;092023;A46;19587.16;587.61;0;2938.07;0;0;0;19587.16;587.61;0;2938.07;0
;23754;092023;B46;19587.16;587.61;0;2938.07;0;0;0;19587.16;587.61;0;2938.07;0
;23755;092023;B46;19587.16;587.61;1663.8;2938.07;0;7769.57;10359.16;19587.16;587.61;195.87;2938.07;0
;23756;092023;A46;19587.16;587.61;1371.1;2938.07;0;0;0;19587.16;587.61;1371.1;2938.07;0
;23757;092023;B46;19587.16;587.61;0;2938.07;0;0;0;19587.16;587.61;0;2938.07;0
;23758;092023;B46;19587.16;587.61;0;2938.07;0;0;0;19587.16;587.61;0;2938.07;0
;23759;092023;C31;13136.95;394.11;0;1970.54;0;0;0;13136.95;394.11;0;1970.54;0
;23760;092023;C31;13136.95;394.11;0;1970.54;0;0;0;13136.95;394.11;0;1970.54;0
;23761;092023;C31;13136.95;394.11;0;1839.17;0;0;0;13136.95;394.11;0;1839.17;0
;23762;092023;C31;13136.95;394.11;0;1313.69;0;0;0;13136.95;394.11;0;1313.69;0
;23763;092023;A46;19587.16;587.61;0;2938.07;0;0;0;19587.16;587.61;0;2938.07;0
;23764;092023;C31;13136.95;394.11;0;1707.8;0;0;0;13136.95;394.11;0;1707.8;0
;23765;092023;B46;19587.16;587.61;0;2938.07;0;0;0;19587.16;587.61;0;2938.07;0
;23766;092023;C31;13136.95;394.11;0;1970.54;0;0;0;13136.95;394.11;0;1970.54;0
;23767;092023;C31;13136.95;394.11;1576.43;1970.54;0;0;0;13136.95;394.11;1576.43;1970.54;0
;23768;092023;C31;13136.95;394.11;0;1970.54;0;0;0;13136.95;394.11;0;1970.54;0
;23769;092023;C31;13136.95;394.11;2233.28;1970.54;0;0;0;13136.95;394.11;2233.28;1970.54;0
;23770;092023;C31;13136.95;394.11;0;1970.54;0;0;0;13136.95;394.11;0;1970.54;0
;23771;092023;C31;13136.95;394.11;0;1970.54;0;0;0;13136.95;394.11;0;1970.54;0
;23772;092023;C31;13136.95;394.11;0;1970.54;0;0;0;13136.95;394.11;0;1970.54;0
;23911;092023;C31;13136.95;394.11;0;1970.54;0;0;0;13136.95;394.11;0;1970.54;0
;23912;092023;C31;13136.95;394.11;0;1970.54;0;0;0;13136.95;394.11;0;1970.54;0
;23913;092023;B46;19587.16;587.61;0;2938.07;0;0;0;19587.16;587.61;0;2938.07;0
;23914;092023;C31;13136.95;394.11;131.36;1970.54;0;0;0;13136.95;394.11;131.36;1970.54;0
;23915;092023;A46;19587.16;587.61;0;2938.07;0;0;0;19587.16;587.61;0;2938.07;0
;23916;092023;C31;13136.95;394.11;0;1970.54;0;0;0;13136.95;394.11;0;1970.54;0
;23918;092023;B46;19587.16;587.61;0;2056.65;0;0;0;19587.16;587.61;0;2056.65;0
;23919;092023;C31;13136.95;394.11;0;1970.54;0;0;0;13136.95;394.11;0;1970.54;0
;23920;092023;C31;13136.95;394.11;0;1970.54;0;0;0;13136.95;394.11;0;1970.54;0
;23921;092023;B46;19587.16;587.61;1640.06;2938.07;0;62.25;82.99;19587.16;587.61;195.87;2938.07;0
;23922;092023;A46;19587.16;587.61;195.87;2938.07;0;0;0;19587.16;587.61;195.87;2938.07;0
;23923;092023;C31;13136.95;394.11;0;1970.54;0;0;0;13136.95;394.11;0;1970.54;0
;23925;092023;C31;13136.95;394.11;0;1970.54;0;0;0;13136.95;394.11;0;1970.54;0
;23926;092023;A46;19587.16;587.61;0;2938.07;0;0;0;19587.16;587.61;0;2938.07;0
;23928;092023;B46;19587.16;587.61;0;2938.07;0;0;0;19587.16;587.61;0;2938.07;0
;23929;092023;C31;13136.95;394.11;0;1970.54;0;0;0;13136.95;394.11;0;1970.54;0
;23930;092023;B46;19587.16;587.61;0;2938.07;0;0;0;19587.16;587.61;0;2938.07;0
;23931;092023;B46;19587.16;587.61;0;2938.07;0;0;0;19587.16;587.61;0;2938.07;0
;23932;092023;B46;19587.16;587.61;0;2938.07;0;0;0;19587.16;587.61;0;2938.07;0
;23933;092023;B46;19587.16;587.61;0;2938.07;0;0;0;19587.16;587.61;0;2938.07;0
;23980;092023;C31;13136.95;394.11;0;1970.54;0;0;0;13136.95;394.11;0;1970.54;0
;23981;092023;C31;13136.95;394.11;0;1970.54;0;0;0;13136.95;394.11;0;1970.54;0
;23982;092023;C31;13136.95;394.11;131.36;1970.54;0;0;0;13136.95;394.11;131.36;1970.54;0
;23983;092023;C31;13136.95;394.11;0;1970.54;0;0;0;13136.95;394.11;0;1970.54;0
;23984;092023;B46;19587.16;587.61;0;2938.07;0;0;0;19587.16;587.61;0;2938.07;0
;23985;092023;B46;19587.16;587.61;0;2938.07;0;0;0;19587.16;587.61;0;2938.07;0
;23986;092023;A46;19587.16;587.61;0;2938.07;0;0;0;19587.16;587.61;0;2938.07;0
;23987;092023;C31;13136.95;394.11;0;1970.54;0;0;0;13136.95;394.11;0;1970.54;0
;23988;092023;C31;13136.95;394.11;0;1970.54;0;0;0;13136.95;394.11;0;1970.54;0
;23989;092023;C31;13136.95;394.11;0;1970.54;0;0;0;13136.95;394.11;0;1970.54;0
;23991;092023;C31;13136.95;394.11;0;1970.54;0;0;0;13136.95;394.11;0;1970.54;0
;23992;092023;C31;13136.95;394.11;0;1970.54;0;0;0;13136.95;394.11;0;1970.54;0
;23993;092023;B46;19587.16;587.61;783.48;2938.07;0;0;0;19587.16;587.61;783.48;2938.07;0
;23994;092023;B46;19587.16;587.61;0;2938.07;0;0;0;19587.16;587.61;0;2938.07;0
;23995;092023;B46;19587.16;587.61;0;2938.07;0;0;0;19587.16;587.61;0;2938.07;0
;23996;092023;C31;13136.95;394.11;0;1970.54;0;0;0;13136.95;394.11;1182.32;1970.54;0
;24032;092023; ;11456.24;0;0;0;0;0;0;11456.24;0;0;0;0
;24087;092023; ;0;0;0;0;0;2100.45;0;0;0;0;0;0
;24122;092023; ;7516.41;0;0;0;0;0;0;7516.41;0;0;0;0
;24126;092023; ;0;0;0;0;0;2100.45;0;0;0;0;0;0
;24127;092023; ;12729.17;0;0;0;0;0;0;12729.17;0;0;0;0
;24151;092023;C31;13136.95;394.11;0;1970.54;0;0;0;13136.95;394.11;0;1970.54;0
;24164;092023; ;0;0;0;0;0;1116.26;0;0;0;0;0;0
;24209;092023;C31;13136.95;394.11;8105.89;1970.54;0;0;0;13136.95;394.11;1445.06;1970.54;0
;24231;092023;C31;13136.95;394.11;0;1970.54;0;0;0;13136.95;394.11;0;1970.54;0
;24239;092023;B46;19587.16;587.61;0;2938.07;0;0;0;19587.16;587.61;0;2938.07;0
;24251;092023;C31;13136.95;394.11;394.1;1970.54;0;0;0;13136.95;394.11;394.1;1970.54;0
;24275;092023;A46;19587.16;587.61;0;2938.07;0;0;0;19587.16;587.61;0;2938.07;0
;24276;092023;B46;19587.16;587.61;0;2938.07;0;0;0;19587.16;587.61;0;2938.07;0
;24292;092023;B46;19587.16;587.61;1337.96;2938.07;0;0;0;19587.16;587.61;391.74;2938.07;0
;24295;092023;B46;19587.16;587.61;0;2938.07;0;0;0;19587.16;587.61;0;2938.07;0
;24296;092023;C31;13136.95;394.11;0;1970.54;0;0;0;13136.95;394.11;0;1970.54;0
;24305;092023;B46;19587.16;587.61;0;2938.07;0;0;0;19587.16;587.61;0;2938.07;0
;24306;092023;A46;19587.16;587.61;0;2350.45;0;0;0;19587.16;587.61;0;2350.45;0
;24307;092023;B46;19587.16;587.61;0;2448.39;0;7541.05;10054.48;19587.16;587.61;0;2448.39;0
;24308;092023;B46;19587.16;587.61;0;7923.18;0;0;0;19587.16;587.61;0;2644.26;0
;24309;092023;C31;13136.95;394.11;262.73;1970.54;0;0;0;13136.95;394.11;262.73;1970.54;0
;24310;092023;C31;13136.95;394.11;0;1970.54;0;0;0;13136.95;394.11;0;1970.54;0
;24311;092023;C31;13136.95;394.11;0;1970.54;0;0;0;13136.95;394.11;0;1970.54;0
;24312;092023;C31;13136.95;394.11;919.58;1970.54;0;0;0;13136.95;394.11;1050.95;1970.54;0
;24313;092023;A46;19587.16;587.61;0;2938.07;0;0;0;19587.16;587.61;0;2938.07;0
;24314;092023;A46;19587.16;587.61;0;2938.07;0;0;0;19587.16;587.61;0;2938.07;0
;24315;092023;B46;19587.16;587.61;0;3890.5;0;0;0;19587.16;587.61;0;2938.07;0
;24316;092023;B46;19587.16;587.61;0;2938.07;0;0;0;19587.16;587.61;0;2938.07;0
;24317;092023;B46;19587.16;587.61;0;2938.07;0;0;0;19587.16;587.61;0;2938.07;0
;24318;092023;B46;19587.16;587.61;0;2938.07;0;0;0;19587.16;587.61;0;2938.07;0
;24321;092023;C31;13136.95;394.11;0;1970.54;0;0;0;13136.95;394.11;0;1970.54;0
;24322;092023;B46;19587.16;587.61;0;2938.07;0;0;0;19587.16;587.61;0;2938.07;0
;24324;092023;C31;13136.95;394.11;2790.04;1970.54;0;0;0;13136.95;394.11;1050.95;1970.54;0
;24327;092023;C31;13136.95;394.11;0;1642.11;0;0;0;13136.95;394.11;0;1642.11;0
;24328;092023;C31;13136.95;394.11;0;1970.54;0;0;0;13136.95;394.11;0;1970.54;0
;24330;092023;B46;19587.16;587.61;0;1175.22;0;0;0;19587.16;587.61;0;1175.22;0
;24331;092023;C31;13136.95;394.11;0;1970.54;0;0;0;13136.95;394.11;0;1970.54;0
;24333;092023;C31;13136.95;394.11;4632.65;1970.54;0;0;0;13136.95;394.11;1576.43;1970.54;0
;24334;092023;C31;13136.95;394.11;0;1970.54;0;0;0;13136.95;394.11;0;1970.54;0
;24336;092023;C31;13136.95;394.11;0;1050.95;0;0;0;13136.95;394.11;0;1050.95;0
;24340;092023;B46;19587.16;587.61;0;2938.07;0;0;0;19587.16;587.61;0;2938.07;0
;24344;092023;B46;19587.16;587.61;0;2938.07;0;0;0;19587.16;587.61;0;2938.07;0
;24371;092023;C31;13136.95;394.11;0;0;0;0;0;13136.95;394.11;0;0;0
;24382;102023;B46;0;0;0;0;0;0;0;19587.16;587.61;0;0;0
